 Id,Cliente,Servicio,Nivel de atencion,Prioridad,Iteracion,Comienzo de iteracion,Iteracion final,Tipo,Tiempo estimado,Creado,Día,Aceptado,Tiempo,Costo teorico,Costo real
171516961,lefort , app lefort,n1,p4,1,24/02/20,01/03/20,bug,3,27/02/20,27,28/02/20,1,2400,3400
171419574,axtel , portal de proveedores,n2,p1,1,24/02/20,01/03/20,bug,2,21/02/20,21,01/03/20,9,1600,15600
171573858,bimbo , devolución por kilos,n1,p4,2,02/03/20,08/03/20,chore,2,02/03/20,2,02/03/20,1,1600,2800
171420297,bimbo , devolución por kilos,n1,p4,2,02/03/20,08/03/20,bug,8,21/02/20,21,03/03/20,11,6400,22400
171529151,bimbo , devolución por kilos,n1,p4,2,02/03/20,08/03/20,bug,5,27/02/20,27,03/03/20,5,4000,11000
171529118,bimbo , devolución por kilos,n1,p4,2,02/03/20,08/03/20,bug,5,27/02/20,27,03/03/20,5,4000,11000
171634127,lefort , app lefort,n1,p4,2,02/03/20,08/03/20,bug,1,04/03/20,4,05/03/20,1,800,2200
171676679,lefort , cau interno,n1,p4,2,02/03/20,08/03/20,chore,1,06/03/20,6,06/03/20,1,800,2200
171647748,axtel , portal de proveedores, n2,p1,2,02/03/20,08/03/20,bug,1,05/03/20,5,07/03/20,2,800,3800
171590107,bosch , expense control,n1,p4,3,09/03/20,15/03/20,bug,1,02/03/20,2,12/03/20,10,800,16600
171654597,bosch , expense control,n1,p4,3,09/03/20,15/03/20,bug,2,05/03/20,5,12/03/20,7,1600,12400
171654696,bosch , expense control,n1,p4,3,09/03/20,15/03/20,bug,2,05/03/20,5,12/03/20,7,1600,12400
171845449,bimbo , vehículos, n2,p1,4,16/03/20,22/03/20,bug,1,17/03/20,17,17/03/20,1,800,2200
171845524,bimbo , vehículos, n2,p1,4,16/03/20,22/03/20,bug,1,17/03/20,17,17/03/20,1,800,2200
171845678,bimbo , vehículos, n2,p1,4,16/03/20,22/03/20,bug,1,17/03/20,17,17/03/20,1,800,2200
170779331,bimbo , devolución por kilos, n1,p4,4,16/03/20,22/03/20,bug,8,17/01/20,17,20/03/20,63,6400,105600
171912597,mfm,capital tech, n2,p1,5,23/03/20,29/03/20,chore,1,21/03/20,21,23/03/20,2,800,3800
172116122,bosch , personal costes, n2,p1,6,30/03/20,05/04/20,chore,1,01/04/20,1,01/04/20,1,800,2200
172029229,axtel , portal de proveedores, n2,p1,6,30/03/20,05/04/20,chore,2,27/03/20,27,02/04/20,6,1600,10800
172323231,bimbo , vehículos, n2, p4,8,13/03/20,19/04/20,chore,1,14/04/20,14,14/04/20,1,800,2200
172445741,bimbo , vehículos, n1, p4,9,20/04/20,26/04/20,chore,1,21/04/20,21,22/04/20,1,800,2200
172441072,bimbo , vehículos, n2, p4,9,20/04/20,26/04/20,chore,1,21/04/20,21,22/04/20,1,800,2200
172441149,bimbo , vehículos, n1, p4,9,20/04/20,26/04/20,chore,1,21/04/20,21,22/04/20,1,800,2200
172477076,bimbo , vehículos, n2, p4,9,20/04/20,26/04/20,chore,1,23/04/20,23,23/04/20,1,800,2200
172498921,axtel , portal de proveedores, n2, p4,9,20/04/20,26/04/20,chore,1,24/04/20,24,24/04/20,1,800,2200
172482537,axtel , portal de proveedores, n2,p1,9,20/04/20,26/04/20,chore,1,23/04/20,23,24/04/20,1,800,2200
172504239,axtel , portal de proveedores, n2, p4,9,20/04/20,26/04/20,chore,1,24/04/20,24,24/04/20,1,800,2200
172383135,bosch , fundación, n2, p4,9,20/04/20,26/04/20,bug,1,17/04/20,17,26/04/20,9,800,15000
171755773,lefort , app lefort,n2,p4,9,20/04/20,26/04/20,bug,1,11/03/20,11,26/04/20,46,800,74200
172290209,lefort , app lefort,n2,p4,9,20/04/20,26/04/20,bug,2,13/04/20,13,26/04/20,13,1600,22000
172191421,bimbo , vehículos, n2, p4,9,20/04/20,26/04/20,bug,2,06/04/20,6,26/04/20,20,1600,33200
172323273,cahiser,app legacy,n1,p4,9,20/04/20,26/04/20,bug,2,14/04/20,14,26/04/20,12,1600,20400
172205689,bimbo , vehículos, n2, p4,9,20/04/20,26/04/20,feature,1,07/04/20,7,26/04/20,19,800,31000
171989056,bimbo , vehículos, n2, p4,9,20/04/20,26/04/20,bug,3,25/03/20,25,26/04/20,32,2400,53000
171865920,bosch , fundación, n2, p4,9,20/04/20,26/04/20,bug,2,18/03/20,18,26/04/20,39,1600,63600
171966188,cahiser,app legacy,n1,p4,9,20/04/20,26/04/20,bug,1,24/03/20,24,26/04/20,33,800,53400
172546696,axtel , portal de proveedores, n1, p4,10,27/04/20,03/05/20,chore,1,27/04/20,27,27/04/20,1,800,2200
172556345,axtel , portal de proveedores, n2, p4,10,27/04/20,03/05/20,chore,1,28/04/20,28,28/04/20,1,800,2200
172466664,axtel , portal de proveedores, n1, p4,10,27/04/20,03/05/20,chore,1,22/04/20,22,28/04/20,6,800,10200
171420232,axtel , portal de proveedores, n2, p4,10,27/04/20,03/05/20,bug,5,21/02/20,21,02/05/20,71,4000,116600
171420235,axtel , portal de proveedores, n2, p4,10,27/04/20,03/05/20,bug,3,21/02/20,21,02/05/20,71,2400,115400
171627440,lefort , app lefort,n2,p1,10,27/04/20,03/05/20,feature,8,04/03/20,4,02/05/20,59,6400,99200
171671886,axtel , portal de proveedores, n2, p2,10,27/04/20,03/05/20,bug,8,06/03/20,6,02/05/20,57,6400,96000
171760018,axtel , portal de proveedores, n2, p4,10,27/04/20,03/05/20,bug,1,11/03/20,11,02/05/20,52,800,83800
171863561,cahiser,app legacy,n1,p4,10,27/04/20,03/05/20,bug,3,18/03/20,18,02/05/20,45,2400,73800
172135154,lefort , app lefort,n2,p4,10,27/04/20,03/05/20,bug,2,02/04/20,2,02/05/20,30,1600,49200
172136872,axtel , portal de proveedores, n2, p4,10,27/04/20,03/05/20,bug,2,02/04/20,2,02/05/20,30,1600,49200
172029730,axtel , portal de proveedores, n2, p4,10,27/04/20,03/05/20,bug,1,27/03/20,27,02/05/20,36,800,58200
172250391,lefort , app lefort,n2,p4,10,27/04/20,03/05/20,bug,5,09/04/20,9,02/05/20,23,4000,39800
172422264,axtel , portal de proveedores, n2, p4,10,27/04/20,03/05/20,bug,1,20/04/20,20,02/05/20,12,800,19800
172441402,axtel , portal de proveedores, n2, p4,10,27/04/20,03/05/20,bug,1,21/04/20,21,02/05/20,11,800,18200
172587685,bosch , facturación automática, n2, p4,10,27/04/20,03/05/20,bug,2,29/04/20,29,02/05/20,3,1600,6000
172587679,bosch , facturación automática, n2, p4,10,27/04/20,03/05/20,bug,2,29/04/20,29,02/05/20,3,1600,6000
172441368,axtel , portal de proveedores, n2, p4,10,27/04/20,03/05/20,bug,1,21/04/20,21,02/05/20,11,800,18200
172364335,bimbo , devolución por kilos, n2, p4,10,27/04/20,03/05/20,bug,2,16/04/20,16,02/05/20,16,1600,26800
171563198,bimbo , devolución por kilos,n2,p4,10,27/04/20,03/05/20,bug,3,01/03/20,1,02/05/20,62,2400,101000
171420298,bimbo , devolución por kilos,n2,p4,10,27/04/20,03/05/20,bug,2,21/02/20,21,02/05/20,71,1600,114800
171966123,cahiser,app legacy, n2, p4,10,27/04/20,03/05/20,bug,2,24/03/20,24,02/05/20,39,1600,63600
172178277,bimbo , devolución por kilos, n2, p2,10,27/04/20,03/05/20,bug,1,06/04/20,6,02/05/20,26,800,42200
171563197,bimbo , devolución por kilos,n2,p4,10,27/04/20,03/05/20,bug,1,01/03/20,1,02/05/20,62,800,99800
171674475,bosch , expense control, n2, p4,10,27/04/20,03/05/20,bug,1,06/03/20,6,02/05/20,57,800,91800
171654648,bosch , expense control, n2, p4,10,27/04/20,03/05/20,bug,2,05/03/20,5,02/05/20,58,1600,94000
171654622,bosch , expense control, n2, p4,10,27/04/20,03/05/20,bug,3,05/03/20,5,02/05/20,58,2400,94600
171654558,bosch , expense control, n1, p4,10,27/04/20,03/05/20,bug,3,05/03/20,5,02/05/20,58,2400,94600
171654549,bosch , expense control, n2, p4,10,27/04/20,03/05/20,bug,3,05/03/20,5,02/05/20,58,2400,94600
171654575,bosch , expense control, n2, p4,10,27/04/20,03/05/20,bug,3,05/03/20,5,02/05/20,58,2400,94600
171654511,bosch , expense control, n2, p4,10,27/04/20,03/05/20,bug,3,05/03/20,5,02/05/20,58,2400,94600
172569783,bimbo , vehículos, n2, p4,10,27/04/20,03/05/20,chore,1,28/04/20,28,02/05/20,4,800,7000
172502271,axtel , portal de proveedores, n2, p4,10,27/04/20,03/05/20,chore,2,24/04/20,24,02/05/20,8,1600,14000
172587709,bosch , facturación automática, n2, p4,10,27/04/20,03/05/20,bug,2,29/04/20,29,03/05/20,4,1600,7600
172607670,axtel , portal de proveedores, n2, p4,10,27/04/20,03/05/20,bug,2,30/04/20,30,03/05/20,3,1600,6000
172501145,axtel , portal de proveedores, n2, p4,10,27/04/20,03/05/20,bug,1,24/04/20,24,03/05/20,9,800,15000
172534495,axtel , portal de proveedores, n2, p4,11,04/05/20,10/05/20,chore,2,27/04/20,27,04/05/20,7,1600,12400
172587481,axtel , portal de proveedores, n2, p4,11,04/05/20,10/05/20,chore,1,29/04/20,29,04/05/20,5,800,8600
171869096,cahiser,app legacy, n2, p4,11,04/05/20,10/05/20,bug,3,18/03/20,18,04/05/20,47,2400,77000
171757918,cahiser,app legacy, n2, p4,11,04/05/20,10/05/20,bug,1,11/03/20,11,04/05/20,54,800,87000
171958776,bimbo , vehículos, n2, p4,11,04/05/20,10/05/20,bug,1,24/03/20,24,04/05/20,41,800,66200
171755784,axtel , portal de proveedores, n2, p4,11,04/05/20,10/05/20,bug,1,11/03/20,11,04/05/20,54,800,87000
172355019,axtel , portal de proveedores, n2, p4,11,04/05/20,10/05/20,bug,1,16/04/20,16,04/05/20,18,800,29400
172540669,bosch , facturación automática, n2, p2,11,04/05/20,10/05/20,bug,2,27/04/20,27,04/05/20,7,1600,12400
172359245,axtel , portal de proveedores, n2, p4,11,04/05/20,10/05/20,feature,5,16/04/20,16,04/05/20,18,4000,31800
172005390,bosch , facturación automática, n1, p3,11,04/05/20,10/05/20,bug,1,26/03/20,26,04/05/20,39,800,63000
172354990,axtel , portal de proveedores, n2, p4,11,04/05/20,10/05/20,bug,1,16/04/20,16,04/05/20,18,800,29400
171944568,axtel , portal de proveedores, n2, p4,11,04/05/20,10/05/20,bug,3,23/03/20,23,04/05/20,42,2400,69000
171647399,axtel , portal de proveedores, n2, p4,11,04/05/20,10/05/20,bug,3,05/03/20,5,04/05/20,60,2400,97800
172364394,bimbo , devolución por kilos, n2, p4,11,04/05/20,10/05/20,bug,4,16/04/20,16,04/05/20,18,3200,31200
172662260,lefort , app lefort,n1,p4,11,04/05/20,10/05/20,chore,1,04/05/20,4,05/05/20,1,800,2200
172683217,axtel , portal de proveedores, n1, p4,11,04/05/20,10/05/20,chore,1,05/05/20,5,05/05/20,1,800,2200
172704598,lefort , app lefort,n1, p4,11,04/05/20,10/05/20,bug,1,06/05/20,6,06/05/20,1,800,2200
172658160,lefort , app lefort,n2, p4,11,04/05/20,10/05/20,bug,5,04/05/20,4,06/05/20,2,4000,6200
172697238,lefort , app lefort,n1, p4,11,04/05/20,10/05/20,chore,1,06/05/20,6,06/05/20,1,800,2200
172707462,lefort , app lefort,n2, p4,11,04/05/20,10/05/20,bug,5,06/05/20,6,07/05/20,1,4000,4600
172686174,bosch , facturación automática, n2, p2,11,04/05/20,10/05/20,chore,5,05/05/20,5,07/05/20,2,4000,6200
172699081,lefort , cau interno, n1, p4,11,04/05/20,10/05/20,chore,1,06/05/20,6,08/05/20,2,800,3800
172697141,bosch , facturación automática, n2, p4,11,04/05/20,10/05/20,bug,3,06/05/20,6,08/05/20,2,2400,5000
172687657,bosch , facturación automática, n2, p3,11,04/05/20,10/05/20,bug,2,05/05/20,5,08/05/20,3,1600,6000
172795791,axtel , portal de proveedores, n2, p4,12,11/05/20,17/05/20,chore,2,12/05/20,12,12/05/20,1,1600,2800
172798972,axtel , portal de proveedores, n2, p4,12,11/05/20,17/05/20,feature,2,12/05/20,12,12/05/20,1,1600,2800
172805546,bimbo , vehículos, n2, p4,12,11/05/20,17/05/20,bug,2,12/05/20,12,13/05/20,1,1600,2800
172794238,axtel , portal de proveedores, n2, p4,12,11/05/20,17/05/20,chore,1,12/05/20,12,13/05/20,1,800,2200
172795913,axtel , portal de proveedores, n2, p4,12,11/05/20,17/05/20,chore,2,12/05/20,12,13/05/20,1,1600,2800
172769560,lefort , app lefort,n1, p4,12,11/05/20,17/05/20,bug,1,11/05/20,11,13/05/20,2,800,3800
172829683,lefort , app lefort,n1, p4,12,11/05/20,17/05/20,chore,1,13/05/20,13,13/05/20,1,800,2200
172847448,lefort , app lefort,n1, p4,12,11/05/20,17/05/20,chore,1,14/05/20,14,14/05/20,1,800,2200
172896907,lefort , app lefort,n1, p4,13,18/05/20,24/05/20,chore,1,18/05/20,18,18/05/20,1,800,2200
172897179,lefort , app lefort,n2, p4,13,18/05/20,24/05/20,bug,1,18/05/20,18,18/05/20,1,800,2200
172829734,axtel , portal de proveedores, n2, p4,13,18/05/20,24/05/20,bug,5,13/05/20,13,18/05/20,5,4000,11000
172729443, axtel , portal de proveedores,n2,p4,13,18/05/20,24/05/20,feature,8,07/05/20,7,18/05/20,11,6400,22400
172699018,lefort , cau interno, n1, p4,13,18/05/20,24/05/20,chore,1,06/05/20,6,19/05/20,13,800,21400
172923253,bimbo , devolución por kilos, n2, p3,13,18/05/20,24/05/20,bug,1,19/05/20,19,19/05/20,1,800,2200
172924834,lefort , app lefort,n1,p4,13,18/05/20,24/05/20,chore,1,19/05/20,19,20/05/20,1,800,2200
172958953,axtel , portal de proveedores, n2, p4,13,18/05/20,24/05/20,chore,2,21/05/20,21,21/05/20,1,1600,2800
172958605,axtel , portal de proveedores, n1, p4,13,18/05/20,24/05/20,chore,1,21/05/20,21,21/05/20,1,800,2200
172969680,axtel , portal de proveedores, n2, p4,13,18/05/20,24/05/20,chore,1,21/05/20,21,21/05/20,1,800,2200
172980402,bimbo , devolución por kilos, n1, p4,13,18/05/20,24/05/20,chore,1,22/05/20,22,22/05/20,1,800,2200
172817426,lefort , cau interno, n1, p4,13,18/05/20,24/05/20,chore,6,13/05/20,13,22/05/20,9,4800,18000
172915863,bimbo , devolución por kilos, n1, p4,13,18/05/20,24/05/20,chore,1,19/05/20,19,22/05/20,3,800,5400
172985661,lefort , app lefort,n1,p4,13,18/05/20,24/05/20,chore,1,22/05/20,22,22/05/20,1,800,2200
172985724,mfm,capital tech, n1, p4,13,18/05/20,24/05/20,bug,1,22/05/20,22,22/05/20,1,800,2200
172942983,bimbo , devolución por kilos, n2, p4,13,18/05/20,24/05/20,feature,2,20/05/20,20,22/05/20,2,1600,4400
172985667,bimbo , devolución por kilos, n1, p4,13,18/05/20,24/05/20,feature,1,22/05/20,22,23/05/20,1,800,2200
172986060,lefort , app lefort,n1, p4,14,25/05/20,31/05/20,chore,1,22/05/20,22,25/05/20,3,800,5400
173003045,lefort , app lefort, n1, p4,14,25/05/20,31/05/20,chore,1,25/05/20,25,25/05/20,1,800,2200
173047620,lefort , app lefort, n1, p4,14,25/05/20,31/05/20,chore,1,27/05/20,27,27/05/20,1,800,2200
173047657,lefort , app lefort, n1, p4,14,25/05/20,31/05/20,chore,1,27/05/20,27,27/05/20,1,800,2200
173023389,lefort , app lefort, n1, p4,14,25/05/20,31/05/20,chore,1,26/05/20,26,27/05/20,1,800,2200
173040113,bosch , facturación automática, n2, p4,14,25/05/20,31/05/20,bug,1,27/05/20,27,27/05/20,1,800,2200
173023450,lefort , app lefort,n1,p4,14,25/05/20,31/05/20,chore,1,26/05/20,26,27/05/20,1,800,2200
173047598,lefort , app lefort,n1,p4,14,25/05/20,31/05/20,chore,1,27/05/20,27,27/05/20,1,800,2200
173040912,bimbo , devolución por kilos, n1, p4,14,25/05/20,31/05/20,chore,1,27/05/20,27,27/05/20,1,800,2200
173058581,axtel , portal de proveedores, n2, p4,14,25/05/20,31/05/20,chore,1,28/05/20,28,28/05/20,1,800,2200
173058369,axtel , portal de proveedores, n2, p4,14,25/05/20,31/05/20,chore,1,28/05/20,28,28/05/20,1,800,2200
173064703,lefort , app lefort,n2,p4,14,25/05/20,31/05/20,bug,3,28/05/20,28,28/05/20,1,2400,3400
173059380,bimbo , devolución por kilos, n2, p4,14,25/05/20,31/05/20,feature,1,28/05/20,28,28/05/20,1,800,2200
173070684,axtel , portal de proveedores, n2, p4,14,25/05/20,31/05/20,chore,1,28/05/20,28,28/05/20,1,800,2200
172985737,axtel , portal de proveedores, n2, p4,14,25/05/20,31/05/20,chore,1,22/05/20,22,29/05/20,7,800,11800
173058971,bimbo , devolución por kilos, n2, p4,14,25/05/20,31/05/20,feature,1,28/05/20,28,29/05/20,1,800,2200
173058920,bimbo , devolución por kilos, n2, p4,14,25/05/20,31/05/20,feature,2,28/05/20,28,29/05/20,1,1600,2800
172943082,bimbo , devolución por kilos, n2, p4,14,25/05/20,31/05/20,feature,2,20/05/20,20,29/05/20,9,1600,15600
173070220,lefort , app lefort,n2,p4,14,25/05/20,31/05/20,bug,2,28/05/20,28,29/05/20,1,1600,2800
173085098,lefort , cau interno, n1, p1,14,25/05/20,31/05/20,chore,1,29/05/20,29,29/05/20,1,800,2200
173087551,bimbo , devolución por kilos, n2, p4,14,25/05/20,31/05/20,feature,1,29/05/20,29,29/05/20,1,800,2200
173087525,bimbo , devolución por kilos, n2, p4,14,25/05/20,31/05/20,feature,1,29/05/20,29,29/05/20,1,800,2200
173087573,bimbo , devolución por kilos, n2, p4,14,25/05/20,31/05/20,feature,1,29/05/20,29,29/05/20,1,800,2200
173060190,axtel , portal de proveedores, n2, p4,15,01/06/20,07/06/20,bug,1,28/05/20,28,01/06/20,4,800,7000
172943851,axtel , portal de proveedores, n2, p4,15,01/06/20,07/06/20,bug,1,20/05/20,20,01/06/20,12,800,19800
172896800,axtel , portal de proveedores, n2, p4,15,01/06/20,07/06/20,bug,3,18/05/20,18,01/06/20,14,2400,24200
173058453,axtel , portal de proveedores, n2, p4,15,01/06/20,07/06/20,bug,1,28/05/20,28,01/06/20,4,800,7000
173088114,axtel , portal de proveedores, n2, p4,15,01/06/20,07/06/20,chore,1,29/05/20,29,01/06/20,3,800,5400
173109767,bimbo , devolución por kilos, n2, p4,15,01/06/20,07/06/20,chore,1,01/06/20,1,01/06/20,1,800,2200
173114028,lefort , app lefort,n1, p4,15,01/06/20,07/06/20,chore,1,01/06/20,1,01/06/20,1,800,2200
173135768,lefort , app lefort,n1, p4,15,01/06/20,07/06/20,bug,1,02/06/20,2,02/06/20,1,800,2200
173135722,lefort , app lefort,n1, p4,15,01/06/20,07/06/20,bug,1,02/06/20,2,02/06/20,1,800,2200
172968742,mfm,capital tech, n2, p4,15,01/06/20,07/06/20,bug,5,21/05/20,21,02/06/20,12,4000,22200
173140010,lefort , app lefort,n1,p4,15,01/06/20,07/06/20,chore,1,02/06/20,2,03/06/20,1,800,2200
173059234,bimbo , devolución por kilos, n2, p4,15,01/06/20,07/06/20,bug,1,28/05/20,28,03/06/20,6,800,10200
173154055,bimbo , devolución por kilos, n1, p4,15,01/06/20,07/06/20,chore,1,03/06/20,3,03/06/20,1,800,2200
173157040,lefort , app lefort,n2,p4,15,01/06/20,07/06/20,bug,2,03/06/20,3,04/06/20,1,1600,2800
173140424,mfm,capital tech, n2, p4,15,01/06/20,07/06/20,feature,2,02/06/20,2,04/06/20,2,1600,4400
173164144,bimbo , devolución por kilos, n2, p4,15,01/06/20,07/06/20,chore,1,03/06/20,3,04/06/20,1,800,2200
173193664,lefort , app lefort,n1,p4,15,01/06/20,07/06/20,chore,1,05/06/20,5,05/06/20,1,800,2200
173204284,bimbo , devolución por kilos, n2, p4,15,01/06/20,07/06/20,chore,1,05/06/20,5,05/06/20,1,800,2200
173140625,axtel , portal de proveedores, n1, p4,16,08/06/20,14/06/20,bug,1,02/06/20,2,08/06/20,6,800,10200
173158767,bimbo , devolución por kilos, n2, p4,16,08/06/20,14/06/20,bug,3,03/06/20,3,08/06/20,5,2400,9800
173257693,lefort , app lefort,n1,p4,16,08/06/20,14/06/20,bug,1,09/06/20,9,09/06/20,1,800,2200
173234323,lefort , app lefort,n2,p4,16,08/06/20,14/06/20,feature,2,08/06/20,8,09/06/20,1,1600,2800
172918893,axtel , portal de proveedores, n2, p4,16,08/06/20,14/06/20,feature,8,19/05/20,19,12/06/20,24,6400,43200
173108942,lefort , bot center,n2,p4,16,08/06/20,14/06/20,bug,1,01/06/20,1,12/06/20,11,800,18200
173176586,axtel , portal de proveedores, n1, p4,16,08/06/20,14/06/20,bug,1,04/06/20,4,12/06/20,8,800,13400
173267457,bimbo , devolución por kilos, n2, p4,16,08/06/20,14/06/20,feature,1,10/06/20,10,12/06/20,2,800,3800
173257055,bimbo , vehículos, n2, p4,16,08/06/20,14/06/20,feature,1,09/06/20,9,12/06/20,3,800,5400
173257025,bimbo , vehículos, n2, p4,16,08/06/20,14/06/20,bug,3,09/06/20,9,12/06/20,3,2400,6600
173256973,lefort , app lefort,n2, p4,16,08/06/20,14/06/20,bug,3,09/06/20,9,12/06/20,3,2400,6600
173257518,lefort , app lefort,n1, p4,16,08/06/20,14/06/20,bug,1,09/06/20,9,12/06/20,3,800,5400
173317555,lefort , app lefort,n1, p4,16,08/06/20,14/06/20,bug,1,12/06/20,12,12/06/20,1,800,2200
173317607,lefort , app lefort,n1, p4,16,08/06/20,14/06/20,chore,1,12/06/20,12,12/06/20,1,800,2200
173160278,lefort , app lefort,n2, p4,16,08/06/20,14/06/20,chore,1,03/06/20,3,13/06/20,10,800,16600
173317586,lefort , app lefort,n1, p4,16,08/06/20,14/06/20,chore,1,12/06/20,12,13/06/20,1,800,2200
173257086,bimbo , vehículos, n2, p4,16,08/06/20,14/06/20,bug,1,09/06/20,9,13/06/20,4,800,7000
173141160,axtel , portal de proveedores, n2, p4,16,08/06/20,14/06/20,feature,5,02/06/20,2,13/06/20,11,4000,20600
173320885,lefort , app lefort,n2,p4,16,08/06/20,14/06/20,bug,7,13/06/20,13,13/06/20,1,5600,5800
173320895,lefort , app lefort,n1,p4,16,08/06/20,14/06/20,chore,8,13/06/20,13,13/06/20,1,6400,6400
173317648,bimbo , devolución por kilos, n1, p4,16,08/06/20,14/06/20,chore,1,12/06/20,12,13/06/20,1,800,2200
173320892,lefort , app lefort,n1,p4,16,08/06/20,14/06/20,chore,1,13/06/20,13,13/06/20,1,800,2200
173321021,mfm,capital tech, n2, p4,17,15/06/20,21/06/20,chore,1,13/06/20,13,15/06/20,2,800,3800
173339273,lefort , app lefort,n1,p4,17,15/06/20,21/06/20,chore,1,15/06/20,15,15/06/20,1,800,2200
173363245,bimbo , devolución por kilos, n2, p4,17,15/06/20,21/06/20,chore,1,16/06/20,16,16/06/20,1,800,2200
173384532,lefort , app lefort,n1,p4,17,15/06/20,21/06/20,chore,1,17/06/20,17,17/06/20,1,800,2200
173387276,axtel , portal de proveedores, n2, p4,17,15/06/20,21/06/20,chore,2,17/06/20,17,17/06/20,1,1600,2800
173400033,lefort , app lefort,n1, p4,17,15/06/20,21/06/20,chore,1,18/06/20,18,18/06/20,1,800,2200
173386273,lefort , app lefort,n1, p4,17,15/06/20,21/06/20,chore,1,17/06/20,17,18/06/20,1,800,2200
173385835,bosch , fundación, n1, p4,17,15/06/20,21/06/20,bug,2,17/06/20,17,18/06/20,1,1600,2800
173408622,axtel , portal de proveedores, n2, p4,17,15/06/20,21/06/20,chore,1,18/06/20,18,19/06/20,1,800,2200
173367235,bosch , facturación automática, n2, p4,17,15/06/20,21/06/20,chore,1,16/06/20,16,19/06/20,3,800,5400
173421377,lefort , app lefort,n1,p4,17,15/06/20,21/06/20,chore,1,19/06/20,19,19/06/20,1,800,2200
173339580,mfm,capital tech, n2, p4,17,15/06/20,21/06/20,feature,3,15/06/20,15,19/06/20,4,2400,8200
173321024,axtel , portal de proveedores, n2, p4,17,15/06/20,21/06/20,bug,1,13/06/20,13,19/06/20,6,800,10200
173321005,axtel , portal de proveedores, n2, p4,17,15/06/20,21/06/20,feature,1,13/06/20,13,19/06/20,6,800,10200
173320873,bosch , facturación automática, n2, p1,17,15/06/20,21/06/20,bug,2,13/06/20,13,19/06/20,6,1600,10800
173237013,axtel , portal de proveedores, n2, p4,17,15/06/20,21/06/20,bug,3,08/06/20,8,19/06/20,11,2400,19400
173317777,axtel , portal de proveedores, n2, p4,17,15/06/20,21/06/20,bug,1,12/06/20,12,19/06/20,7,800,11800
173365818,bimbo , devolución por kilos, n1, p4,17,15/06/20,21/06/20,chore,1,16/06/20,16,19/06/20,3,800,5400
173339317,lefort , app lefort,n1, p4,17,15/06/20,21/06/20,chore,1,15/06/20,15,19/06/20,4,800,7000
173339303,lefort , app lefort,n1, p4,17,15/06/20,21/06/20,bug,1,15/06/20,15,19/06/20,4,800,7000
173385174,fondify , automatización de registro de asociaciones, n2, p4,17,15/06/20,21/06/20,chore,1,17/06/20,17,19/06/20,2,800,3800
173162809,axtel , portal de proveedores, n2, p4,17,15/06/20,21/06/20,chore,1,03/06/20,3,19/06/20,16,800,26200
173321012,bimbo , vehículos, n2, p4,17,15/06/20,21/06/20,feature,1,13/06/20,13,19/06/20,6,800,10200
173320998,bimbo , vehículos, n2, p4,17,15/06/20,21/06/20,bug,1,13/06/20,13,19/06/20,6,800,10200
173339493,bimbo , vehículos, n2, p4,17,15/06/20,21/06/20,bug,1,15/06/20,15,19/06/20,4,800,7000
173425185,axtel , portal de proveedores, n1, p4,17,15/06/20,21/06/20,chore,1,19/06/20,19,19/06/20,1,800,2200
173421987,bimbo , vehículos, n2, p4,17,15/06/20,21/06/20,bug,1,19/06/20,19,19/06/20,1,800,2200
173421951,bimbo , vehículos, n2, p4,17,15/06/20,21/06/20,bug,1,19/06/20,19,19/06/20,1,800,2200
173459536,bimbo , vehículos, n2, p4,18,22/06/20,28/06/20,bug,1,22/06/20,22,23/06/20,1,800,2200
173453575,bimbo , vehículos, n2, p4,18,22/06/20,28/06/20,bug,1,22/06/20,22,23/06/20,1,800,2200
173469695,axtel , portal de proveedores, n2, p4,18,22/06/20,28/06/20,chore,1,23/06/20,23,23/06/20,1,800,2200
173456065,lefort , cau interno, n1, p4,18,22/06/20,28/06/20,chore,1,22/06/20,22,23/06/20,1,800,2200
173461382,bimbo , vehículos, n2, p4,18,22/06/20,28/06/20,bug,1,22/06/20,22,23/06/20,1,800,2200
173461360,bimbo , vehículos, n2, p4,18,22/06/20,28/06/20,bug,1,22/06/20,22,23/06/20,1,800,2200
173461340,bimbo , vehículos, n2, p4,18,22/06/20,28/06/20,bug,1,22/06/20,22,23/06/20,1,800,2200
173461330,bimbo , vehículos, n2, p4,18,22/06/20,28/06/20,bug,1,22/06/20,22,23/06/20,1,800,2200
173461319,bimbo , vehículos, n2, p4,18,22/06/20,28/06/20,bug,1,22/06/20,22,23/06/20,1,800,2200
173461308,bimbo , vehículos, n2, p4,18,22/06/20,28/06/20,bug,1,22/06/20,22,23/06/20,1,800,2200
173461284,bimbo , vehículos, n2, p4,18,22/06/20,28/06/20,bug,1,22/06/20,22,23/06/20,1,800,2200
173109180,lefort , app lefort,n3,p1,18,22/06/20,28/06/20,feature,1,01/06/20,1,23/06/20,22,800,35800
173461349,bimbo , vehículos, n2, p4,18,22/06/20,28/06/20,bug,1,22/06/20,22,23/06/20,1,800,2200
173461377,bimbo , vehículos, n2, p4,18,22/06/20,28/06/20,bug,1,22/06/20,22,23/06/20,1,800,2200
173450607,bimbo , vehículos, n2, p4,18,22/06/20,28/06/20,bug,1,22/06/20,22,23/06/20,1,800,2200
173408601,bimbo , vehículos, n2, p4,18,22/06/20,28/06/20,bug,1,18/06/20,18,25/06/20,7,800,11800
173473391,bimbo , vehículos, n3,p4,18,22/06/20,28/06/20,bug,2,23/06/20,23,25/06/20,2,1600,4400
173504585,bimbo , vehículos, n2, p4,18,22/06/20,28/06/20,bug,1,24/06/20,24,25/06/20,1,800,2200
173504611,bimbo , vehículos, n2, p4,18,22/06/20,28/06/20,bug,1,24/06/20,24,25/06/20,1,800,2200
173502853,mfm,capital tech, n2, p4,18,22/06/20,28/06/20,chore,1,24/06/20,24,25/06/20,1,800,2200
173523833,axtel , portal de proveedores, n2, p4,18,22/06/20,28/06/20,chore,1,25/06/20,25,25/06/20,1,800,2200
173525142,bimbo , vehículos, n2, p4,18,22/06/20,28/06/20,bug,1,25/06/20,25,26/06/20,1,800,2200
173517535,bimbo , vehículos, n2, p4,18,22/06/20,28/06/20,bug,3,25/06/20,25,26/06/20,1,2400,3400
173515858,bimbo , vehículos, n2, p4,18,22/06/20,28/06/20,bug,1,25/06/20,25,26/06/20,1,800,2200
173523170,axtel , portal de proveedores, n1, p4,18,22/06/20,28/06/20,chore,1,25/06/20,25,26/06/20,1,800,2200
173455402,axtel , portal de proveedores, n2, p4,18,22/06/20,28/06/20,bug,1,22/06/20,22,26/06/20,4,800,7000
173339457,axtel , portal de proveedores, n2, p4,18,22/06/20,28/06/20,bug,5,15/06/20,15,26/06/20,11,4000,20600
173491409,lefort , app lefort, n1, p4,18,22/06/20,28/06/20,chore,1,24/06/20,24,26/06/20,2,800,3800
173492064,lefort , app lefort, n1, p4,18,22/06/20,28/06/20,chore,1,24/06/20,24,26/06/20,2,800,3800
173516024,lefort , app lefort, n1, p4,18,22/06/20,28/06/20,chore,1,25/06/20,25,26/06/20,1,800,2200
173473677,axtel , portal de proveedores, n2, p4,18,22/06/20,28/06/20,chore,1,23/06/20,23,26/06/20,3,800,5400
173369151,bimbo , vehículos, n2, p4,18,22/06/20,28/06/20,bug,2,16/06/20,16,26/06/20,10,1600,17200
173574443,lefort , app lefort, n1, p4,19,29/06/20,05/07/20,chore,1,29/06/20,29,29/06/20,1,800,2200
173573554,lefort , app lefort, n1, p4,19,29/06/20,05/07/20,chore,1,29/06/20,29,29/06/20,1,800,2200
173593436,mfm,capital tech, n2, p4,19,29/06/20,05/07/20,chore,1,30/06/20,30,01/07/20,1,800,2200
173574538,lefort , app lefort,n2, p4,19,29/06/20,05/07/20,bug,1,29/06/20,29,01/07/20,2,800,3800
173608699,lefort , app lefort,n1, p4,19,29/06/20,05/07/20,chore,1,01/07/20,1,01/07/20,1,800,2200
173617167,lefort , app lefort,n2, p4,19,29/06/20,05/07/20,bug,9,01/07/20,1,01/07/20,1,7200,7000
173617155,lefort , app lefort,n2, p4,19,29/06/20,05/07/20,bug,10,01/07/20,1,01/07/20,1,8000,7600
173451633,axtel , portal de proveedores, n2, p4,19,29/06/20,05/07/20,chore,1,22/06/20,22,04/07/20,12,800,19800
173632178,axtel , portal de proveedores, n2, p4,19,29/06/20,05/07/20,bug,1,02/07/20,2,04/07/20,2,800,3800
173608716,lefort , app lefort,n1, p4,19,29/06/20,05/07/20,chore,1,01/07/20,1,04/07/20,3,800,5400
173645174,lefort , app lefort,n1, p4,19,29/06/20,05/07/20,chore,1,03/07/20,3,04/07/20,1,800,2200
173596943,lefort , app lefort,n2, p4,19,29/06/20,05/07/20,bug,2,30/06/20,30,04/07/20,4,1600,7600
173645166,lefort , app lefort,n1, p4,19,29/06/20,05/07/20,chore,1,03/07/20,3,04/07/20,1,800,2200
173632215,lefort , app lefort,n1, p4,19,29/06/20,05/07/20,bug,1,02/07/20,2,04/07/20,2,800,3800
173612808,lefort , app lefort,n1, p4,19,29/06/20,05/07/20,bug,1,01/07/20,1,04/07/20,3,800,5400
173592030,axtel , portal de proveedores, n2, p4,19,29/06/20,05/07/20,chore,1,30/06/20,30,04/07/20,4,800,7000
173559990,lefort , cau interno, n1, p4,19,29/06/20,05/07/20,chore,1,29/06/20,29,04/07/20,5,800,8600
173575171,axtel , portal de proveedores, n2, p4,19,29/06/20,05/07/20,bug,1,29/06/20,29,04/07/20,5,800,8600
173597799,fondify , automatización de registro de asociaciones, n2, p4,19,29/06/20,05/07/20,bug,3,30/06/20,30,04/07/20,4,2400,8200
173594003,lefort , app lefort,n2, p4,19,29/06/20,05/07/20,bug,2,30/06/20,30,04/07/20,4,1600,7600
173573337,lefort , app lefort,n1, p4,19,29/06/20,05/07/20,chore,1,29/06/20,29,04/07/20,5,800,8600
173366389,axtel , portal de proveedores, n2, p4,19,29/06/20,05/07/20,bug,11,16/06/20,16,04/07/20,18,8800,35400
173675340,lefort ,app lefort,n1, p4,20,06/07/20,12/07/20,chore,1,06/07/20,6,06/07/20,1,800,2200
173674537,lefort ,app lefort,n2, p4,20,06/07/20,12/07/20,bug,1,06/07/20,6,06/07/20,1,800,2200
173667729,lefort ,app lefort,n1, p4,20,06/07/20,12/07/20,chore,1,06/07/20,6,06/07/20,1,800,2200
173676604,bimbo , devolución por kilos, n2, p4,20,06/07/20,12/07/20,chore,1,06/07/20,6,07/07/20,1,800,2200
173685895,axtel , portal de proveedores, n2, p4,20,06/07/20,12/07/20,chore,2,07/07/20,7,07/07/20,1,1600,2800
173713682,bimbo , devolución por kilos, n2, p4,20,06/07/20,12/07/20,chore,1,08/07/20,8,08/07/20,1,800,2200
173713646,bimbo , devolución por kilos, n2, p4,20,06/07/20,12/07/20,chore,1,08/07/20,8,08/07/20,1,800,2200
173676362,bimbo , devolución por kilos, n2, p4,20,06/07/20,12/07/20,chore,1,06/07/20,6,08/07/20,2,800,3800
173707027,axtel , portal de proveedores, n2, p4,20,06/07/20,12/07/20,chore,1,08/07/20,8,08/07/20,1,800,2200
173696040,lefort ,app lefort,n2, p4,20,06/07/20,12/07/20,bug,3,07/07/20,7,09/07/20,2,2400,5000
173689982,lefort ,app lefort,n2, p4,20,06/07/20,12/07/20,bug,1,07/07/20,7,09/07/20,2,800,3800
173402583,axtel , portal de proveedores, n2, p2,20,06/07/20,12/07/20,bug,8,18/06/20,18,09/07/20,21,6400,38400
173346575,axtel , portal de proveedores, n2, p4,20,06/07/20,12/07/20,bug,5,15/06/20,15,09/07/20,24,4000,41400
173758692,lefort ,app lefort,n2,p4,20,06/07/20,12/07/20,bug,1,10/07/20,10,10/07/20,1,800,2200
173758697,lefort ,app lefort,n1,p4,20,06/07/20,12/07/20,chore,1,10/07/20,10,10/07/20,1,800,2200
173719108,axtel , portal de proveedores, n2, p4,20,06/07/20,12/07/20,chore,1,08/07/20,8,10/07/20,2,800,3800
173404415,lefort , cau interno, n1, p4,20,06/07/20,12/07/20,chore,1,18/06/20,18,10/07/20,22,800,35800
173405744,bosch , facturación automática, n2, p4,20,06/07/20,12/07/20,bug,5,18/06/20,18,10/07/20,22,4000,38200
173758682,lefort ,app lefort, n1, p4,20,06/07/20,12/07/20,bug,1,10/07/20,10,10/07/20,1,800,2200
173758674,lefort ,app lefort, n1, p4,20,06/07/20,12/07/20,chore,1,10/07/20,10,10/07/20,1,800,2200
173758669,lefort ,app lefort, n1, p4,20,06/07/20,12/07/20,chore,1,10/07/20,10,10/07/20,1,800,2200
173758658,lefort ,app lefort, n1, p4,20,06/07/20,12/07/20,chore,1,10/07/20,10,10/07/20,1,800,2200
173758656,lefort ,app lefort, n1, p4,20,06/07/20,12/07/20,chore,1,10/07/20,10,10/07/20,1,800,2200
173758651,lefort ,app lefort, n1, p4,20,06/07/20,12/07/20,chore,1,10/07/20,10,10/07/20,1,800,2200
173758640,lefort ,app lefort, n1, p4,20,06/07/20,12/07/20,chore,1,10/07/20,10,10/07/20,1,800,2200
173575187,axtel , portal de proveedores, n1, p4,20,06/07/20,12/07/20,chore,1,29/06/20,29,10/07/20,11,800,18200
173736368,lefort ,app lefort,n1,p4,20,06/07/20,12/07/20,chore,1,09/07/20,9,10/07/20,1,800,2200
173454710,bosch , facturación automática, n2, p4,20,06/07/20,12/07/20,bug,8,22/06/20,22,10/07/20,18,6400,33600
173502547,axtel , portal de proveedores, n2, p4,20,06/07/20,12/07/20,chore,1,24/06/20,24,10/07/20,16,800,26200
173606010,axtel , portal de proveedores, n1, p4,20,06/07/20,12/07/20,chore,1,01/07/20,1,10/07/20,9,800,15000
173697806,axtel , portal de proveedores, n2, p4,20,06/07/20,12/07/20,chore,1,07/07/20,7,10/07/20,3,800,5400
173613920,axtel , portal de proveedores, n2, p4,20,06/07/20,12/07/20,chore,1,01/07/20,1,10/07/20,9,800,15000
173804926,axtel , portal de proveedores, n2, p4,21,13/07/20,19/07/20,chore,1,14/07/20,14,15/07/20,1,800,2200
173800003,bimbo , devolución por kilos, n2, p4,21,13/07/20,19/07/20,chore,1,14/07/20,14,15/07/20,1,800,2200
173816377,lefort ,app lefort,n1,p4,21,13/07/20,19/07/20,chore,1,15/07/20,15,15/07/20,1,800,2200
173822069,axtel , portal de proveedores, n2, p4,21,13/07/20,19/07/20,chore,1,15/07/20,15,16/07/20,1,800,2200
173821685,axtel , portal de proveedores, n1, p4,21,13/07/20,19/07/20,chore,1,15/07/20,15,16/07/20,1,800,2200
173841536,bimbo , devolución por kilos, n1, p4,21,13/07/20,19/07/20,chore,1,16/07/20,16,17/07/20,1,800,2200
173841901,bimbo , devolución por kilos, n1, p4,21,13/07/20,19/07/20,chore,1,16/07/20,16,17/07/20,1,800,2200
173841502,bimbo , devolución por kilos, n1, p4,21,13/07/20,19/07/20,chore,1,16/07/20,16,17/07/20,1,800,2200
173839735,lefort ,app lefort,n2,p2,21,13/07/20,19/07/20,bug,1,16/07/20,16,17/07/20,1,800,2200
173671092,bosch ,e-commerce,n2,p4,21,13/07/20,19/07/20,chore,12,06/07/20,6,17/07/20,11,9600,24800
173859983,lefort ,app lefort,n2, p4,21,13/07/20,19/07/20,bug,1,17/07/20,17,17/07/20,1,800,2200
173690036,lefort ,app lefort,n3,p4,21,13/07/20,19/07/20,bug,5,07/07/20,7,17/07/20,10,4000,19000
173474865,axtel ,portal de proveedores,n3,p4,21,13/07/20,19/07/20,feature,13,23/06/20,23,17/07/20,24,10400,46200
173822094,axtel , portal de proveedores, n2, p4,21,13/07/20,19/07/20,chore,1,15/07/20,15,18/07/20,3,800,5400
173853279,lefort ,app lefort,n1,p4,21,13/07/20,19/07/20,chore,1,17/07/20,17,18/07/20,1,800,2200
173910711,bimbo , devolución por kilos, n2, p4,22,20/07/20,26/07/20,chore,1,20/07/20,20,20/07/20,1,800,2200
173928167,axtel , portal de proveedores, n1, p4,22,20/07/20,26/07/20,chore,1,21/07/20,21,21/07/20,1,800,2200
173856506, printpack,app center , n2, p2,22,20/07/20,26/07/20,bug,8,17/07/20,17,21/07/20,4,6400,11200
173931987,bimbo , devolución por kilos, n2, p4,22,20/07/20,26/07/20,chore,1,21/07/20,21,21/07/20,1,800,2200
173967658,lefort , app lefort,n1, p1,22,20/07/20,26/07/20,chore,1,23/07/20,23,23/07/20,1,800,2200
173949883,lefort , app lefort,n2, p4,22,20/07/20,26/07/20,bug,1,22/07/20,22,23/07/20,1,800,2200
173967576,axtel , portal de proveedores, n2, p4,22,20/07/20,26/07/20,chore,1,23/07/20,23,23/07/20,1,800,2200
173973176,bimbo , devolución por kilos, n2, p4,22,20/07/20,26/07/20,chore,1,23/07/20,23,23/07/20,1,800,2200
173954503,axtel , portal de proveedores, n2, p4,22,20/07/20,26/07/20,chore,1,22/07/20,22,24/07/20,2,800,3800
173967258,axtel , portal de proveedores, n2, p4,23,27/07/20,02/08/20,chore,1,23/07/20,23,27/07/20,4,800,7000
173975368,lefort , app lefort,n3,p4,23,27/07/20,02/08/20,bug,1,23/07/20,23,27/07/20,4,800,7000
173985808,lefort , app lefort,n2, p4,23,27/07/20,02/08/20,bug,1,24/07/20,24,27/07/20,3,800,5400
173967803,lefort , app lefort,n1, p4,23,27/07/20,02/08/20,chore,1,23/07/20,23,27/07/20,4,800,7000
173985830,lefort , app lefort,n1, p4,23,27/07/20,02/08/20,chore,1,24/07/20,24,27/07/20,3,800,5400
173908413,lefort , app lefort,n1, p4,23,27/07/20,02/08/20,chore,1,20/07/20,20,27/07/20,7,800,11800
173975343,lefort , app lefort,n3,p4,23,27/07/20,02/08/20,bug,1,23/07/20,23,27/07/20,4,800,7000
174055864,axtel , portal de proveedores, n2, p4,23,27/07/20,02/08/20,chore,1,28/07/20,28,28/07/20,1,800,2200
174075256,axtel , portal de proveedores, n2, p4,23,27/07/20,02/08/20,chore,1,29/07/20,29,29/07/20,1,800,2200
174100123,lefort , app lefort,n1,p4,23,27/07/20,02/08/20,chore,1,30/07/20,30,30/07/20,1,800,2200
174068751,bosch , facturación automática, n2, p4,24,03/08/20,09/08/20,chore,1,29/07/20,29,03/08/20,5,800,8600
174150190,axtel , portal de proveedores, n2, p4,24,03/08/20,09/08/20,chore,1,03/08/20,3,03/08/20,1,800,2200
174152111,lefort , app lefort,n1, p4,24,03/08/20,09/08/20,chore,1,03/08/20,3,03/08/20,1,800,2200
174152096,lefort , app lefort,n1, p4,24,03/08/20,09/08/20,chore,1,03/08/20,3,03/08/20,1,800,2200
174170742,lefort , app lefort,n1, p4,24,03/08/20,09/08/20,bug,1,04/08/20,4,06/08/20,2,800,3800
174217339,lefort , cau interno, n3,p4,24,03/08/20,09/08/20,chore,1,06/08/20,6,06/08/20,1,800,2200
174180391,axtel , portal de proveedores, n1, p4,24,03/08/20,09/08/20,chore,1,04/08/20,4,06/08/20,2,800,3800
174170712,lefort , app lefort,n1, p4,24,03/08/20,09/08/20,bug,1,04/08/20,4,06/08/20,2,800,3800
174157234,lefort , app lefort,n1, p4,24,03/08/20,09/08/20,chore,1,03/08/20,3,06/08/20,3,800,5400
174193858,lefort , app lefort,n3,p4,24,03/08/20,09/08/20,bug,5,05/08/20,5,06/08/20,1,4000,4600
174222852,bosch , airplus, n1, p4,24,03/08/20,09/08/20,chore,14,06/08/20,6,06/08/20,1,11200,10000
173597750,axtel , portal de proveedores, n2, p4,24,03/08/20,09/08/20,chore,15,30/06/20,30,07/08/20,38,12000,69800
173954543,axtel , portal de proveedores, n2, p4,24,03/08/20,09/08/20,chore,1,22/07/20,22,07/08/20,16,800,26200
174099957,axtel , portal de proveedores, n2, p4,24,03/08/20,09/08/20,chore,1,30/07/20,30,07/08/20,8,800,13400
174236265,axtel , portal de proveedores, n1, p4,24,03/08/20,09/08/20,chore,1,07/08/20,7,07/08/20,1,800,2200
173854313,lefort , app lefort, n1, p4,24,03/08/20,09/08/20,chore,1,17/07/20,17,07/08/20,21,800,34200
174055896,lefort , app lefort, n1, p4,24,03/08/20,09/08/20,chore,1,28/07/20,28,07/08/20,10,800,16600
174100057,lefort , app lefort, n1, p4,24,03/08/20,09/08/20,chore,1,30/07/20,30,07/08/20,8,800,13400
174100086,lefort , app lefort, n1, p3,24,03/08/20,09/08/20,chore,1,30/07/20,30,07/08/20,8,800,13400
174100967,lefort , app lefort, n1, p4,24,03/08/20,09/08/20,chore,1,30/07/20,30,07/08/20,8,800,13400
174118777,lefort , cau interno, n1, p4,24,03/08/20,09/08/20,chore,1,31/07/20,31,07/08/20,7,800,11800
174122496,bimbo , devolución por kilos, n1, p4,24,03/08/20,09/08/20,chore,1,31/07/20,31,07/08/20,7,800,11800
174122463,axtel , portal de proveedores, n1, p4,24,03/08/20,09/08/20,chore,1,31/07/20,31,07/08/20,7,800,11800
174122396,lefort , app lefort,n1,p4,24,03/08/20,09/08/20,chore,1,31/07/20,31,07/08/20,7,800,11800
174122380,axtel , portal de proveedores, n2, p4,24,03/08/20,09/08/20,chore,1,31/07/20,31,07/08/20,7,800,11800
174029346,lefort , app lefort,n1,p4,24,03/08/20,09/08/20,chore,1,27/07/20,27,07/08/20,11,800,18200
174197701,lefort , app lefort,n1,p4,24,03/08/20,09/08/20,chore,1,05/08/20,5,07/08/20,2,800,3800
173968168,axtel , portal de proveedores, n2, p4,24,03/08/20,09/08/20,chore,1,23/07/20,23,07/08/20,15,800,24600
174167340,axtel , portal de proveedores, n1, p4,24,03/08/20,09/08/20,chore,2,04/08/20,4,07/08/20,3,1600,6000
174194448,lefort , app lefort,n2,p4,24,03/08/20,09/08/20,chore,1,05/08/20,5,07/08/20,2,800,3800
174261330,bimbo , vehículos, n2, p4,25,10/08/20,16/08/20,chore,1,10/08/20,10,10/08/20,1,800,2200
174263295,lefort , app lefort,n1,p4,25,10/08/20,16/08/20,chore,1,10/08/20,10,10/08/20,1,800,2200
174301827,axtel , portal de proveedores, n1, p4,25,10/08/20,16/08/20,chore,1,12/08/20,12,12/08/20,1,800,2200
174218255,lefort , app lefort,n1,p4,25,10/08/20,16/08/20,chore,1,06/08/20,6,12/08/20,6,800,10200
174322727,bimbo , devolución por kilos, n2, p4,25,10/08/20,16/08/20,chore,1,13/08/20,13,13/08/20,1,800,2200
174337549,bimbo , vehículos, n2, p4,25,10/08/20,16/08/20,chore,1,14/08/20,14,14/08/20,1,800,2200
174345935,bimbo , vehículos, n2, p4,25,10/08/20,16/08/20,chore,1,14/08/20,14,14/08/20,1,800,2200
174234985,lefort ,app lefort,n2,p4,25,10/08/20,16/08/20,chore,1,07/08/20,7,14/08/20,7,800,11800
174364769,bimbo , devolución por kilos, n2, p4,26,17/08/20,23/08/20,chore,1,17/08/20,17,17/08/20,1,800,2200
174269102,lefort ,app lefort,n1,p4,26,17/08/20,23/08/20,chore,1,10/08/20,10,17/08/20,7,800,11800
174266762,lefort ,app lefort,n2,p4,26,17/08/20,23/08/20,chore,1,10/08/20,10,17/08/20,7,800,11800
174364577,bimbo , devolución por kilos, n1, p4,26,17/08/20,23/08/20,chore,1,17/08/20,17,17/08/20,1,800,2200
174302017,bosch , fundación, n2, p4,26,17/08/20,23/08/20,bug,8,12/08/20,12,17/08/20,5,6400,12800
174364894,bimbo , devolución por kilos, n2, p4,26,17/08/20,23/08/20,chore,1,17/08/20,17,18/08/20,1,800,2200
174370901,bimbo , devolución por kilos, n2, p4,26,17/08/20,23/08/20,chore,1,17/08/20,17,18/08/20,1,800,2200
174386352,bimbo , devolución por kilos, n2, p4,26,17/08/20,23/08/20,chore,1,18/08/20,18,18/08/20,1,800,2200
174412236, alestra/raloy,app center , n2, p4,26,17/08/20,23/08/20,chore,1,19/08/20,19,20/08/20,1,800,2200
174407908,bimbo , vehículos, n1, p4,27,24/08/20,30/08/20,chore,1,19/08/20,19,24/08/20,5,800,8600
174429972,bimbo , vehículos, n1, p4,27,24/08/20,30/08/20,chore,16,20/08/20,20,24/08/20,4,12800,16000
174449456,lefort , app lefort,n1,p4,27,24/08/20,30/08/20,chore,1,21/08/20,21,24/08/20,3,800,5400
174430082,bimbo , devolución por kilos, n1, p4,27,24/08/20,30/08/20,chore,1,20/08/20,20,24/08/20,4,800,7000
174359643,axtel ,portal de proveedores, n2, p4,27,24/08/20,30/08/20,chore,2,17/08/20,17,25/08/20,8,1600,14000
174498181,axtel ,portal de proveedores, n2, p4,27,24/08/20,30/08/20,chore,2,25/08/20,25,26/08/20,1,1600,2800
174499170,lefort , app lefort,n1,p4,27,24/08/20,30/08/20,chore,1,25/08/20,25,26/08/20,1,800,2200
174322823,axtel ,portal de proveedores, n2, p4,27,24/08/20,30/08/20,chore,1,13/08/20,13,26/08/20,13,800,21400
174519575,bimbo , vehículos, n2, p4,27,24/08/20,30/08/20,chore,17,26/08/20,26,26/08/20,1,13600,11800
174430594,bimbo , vehículos, n2, p3,27,24/08/20,30/08/20,chore,1,20/08/20,20,26/08/20,6,800,10200
174406263, alestra/raloy,app center , n2, p4,27,24/08/20,30/08/20,chore,3,19/08/20,19,27/08/20,8,2400,14600
174364665,lefort , cau interno, n1, p4,27,24/08/20,30/08/20,bug,2,17/08/20,17,27/08/20,10,1600,17200
174119986,axtel ,portal de proveedores, n2, p4,27,24/08/20,30/08/20,bug,3,31/07/20,31,27/08/20,27,2400,45000
174239926,axtel ,portal de proveedores, n2, p4,27,24/08/20,30/08/20,bug,2,07/08/20,7,27/08/20,20,1600,33200
174575183,lefort , cau interno, n1, p4,28,31/08/20,06/09/20,chore,18,31/08/20,31,31/08/20,1,14400,12400
174501241,lefort , cau interno, n1, p4,28,31/08/20,06/09/20,chore,19,25/08/20,25,31/08/20,6,15200,21000
174513633,lefort , cau interno, n1, p4,28,31/08/20,06/09/20,chore,20,26/08/20,26,31/08/20,5,16000,20000
174554850,lefort ,app center, n1, p4,28,31/08/20,06/09/20,chore,21,28/08/20,28,31/08/20,3,16800,17400
174513528,lefort , cau interno, n1, p4,28,31/08/20,06/09/20,chore,22,26/08/20,26,31/08/20,5,17600,21200
174585306,bimbo , vehículos, n2, p4,28,31/08/20,06/09/20,chore,1,31/08/20,31,31/08/20,1,800,2200
174590196, printpack,app center , n2, p4,28,31/08/20,06/09/20,feature,5,31/08/20,31,01/09/20,1,4000,4600
174342103, printpack,app center , n2, p2,28,31/08/20,06/09/20,feature,5,14/08/20,14,01/09/20,18,4000,31800
174610360,bimbo , vehículos, n2, p4,28,31/08/20,06/09/20,chore,1,01/09/20,1,01/09/20,1,800,2200
174623039,bimbo , devolución por kilos, n2, p4,28,31/08/20,06/09/20,chore,1,02/09/20,2,02/09/20,1,800,2200
174622981,bimbo , vehículos, n2, p4,28,31/08/20,06/09/20,chore,2,02/09/20,2,02/09/20,1,1600,2800
174630951,lefort ,app legacy, n2, p4,28,31/08/20,06/09/20,chore,2,02/09/20,2,03/09/20,1,1600,2800
174586003,bimbo , vehículos, n2, p4,28,31/08/20,06/09/20,chore,3,31/08/20,31,03/09/20,3,2400,6600
174653157,mfm,capital tech, n2, p4,28,31/08/20,06/09/20,chore,1,03/09/20,3,03/09/20,1,800,2200
174653062,bimbo , vehículos, n2, p4,28,31/08/20,06/09/20,chore,1,03/09/20,3,03/09/20,1,800,2200
174662004,axtel ,portal de proveedores, n2, p4,28,31/08/20,06/09/20,chore,1,03/09/20,3,03/09/20,1,800,2200
174670955,axtel ,portal de proveedores, n2, p4,28,31/08/20,06/09/20,chore,1,04/09/20,4,04/09/20,1,800,2200
174554914,lefort , app center,n1,p4,28,31/08/20,06/09/20,chore,1,28/08/20,28,04/09/20,7,800,11800
174554891,bimbo , devolución por kilos, n1, p4,28,31/08/20,06/09/20,chore,1,28/08/20,28,04/09/20,7,800,11800
174601548,lefort ,app legacy, n1, p4,28,31/08/20,06/09/20,chore,1,01/09/20,1,04/09/20,3,800,5400
174680311,lefort ,app legacy, n1, p4,28,31/08/20,06/09/20,chore,1,04/09/20,4,04/09/20,1,800,2200
174680312,lefort ,app legacy, n1, p4,28,31/08/20,06/09/20,chore,1,04/09/20,4,04/09/20,1,800,2200
174680313,lefort ,app legacy, n1, p4,28,31/08/20,06/09/20,chore,1,04/09/20,4,04/09/20,1,800,2200
174680315,lefort ,app legacy, n1, p4,28,31/08/20,06/09/20,chore,1,04/09/20,4,04/09/20,1,800,2200
174680316,lefort ,app legacy, n1, p4,28,31/08/20,06/09/20,chore,1,04/09/20,4,04/09/20,1,800,2200
174680318,lefort ,app legacy, n1, p4,28,31/08/20,06/09/20,chore,1,04/09/20,4,04/09/20,1,800,2200
174554962,axtel ,portal de proveedores, n1, p4,28,31/08/20,06/09/20,chore,1,28/08/20,28,04/09/20,7,800,11800
174554867,bimbo , devolución por kilos, n1, p4,28,31/08/20,06/09/20,chore,1,28/08/20,28,04/09/20,7,800,11800
174653214,axtel ,portal de proveedores, n2, p4,28,31/08/20,06/09/20,chore,1,03/09/20,3,04/09/20,1,800,2200
174662104, alestra/raloy,app center , n1, p4,28,31/08/20,06/09/20,chore,1,03/09/20,3,04/09/20,1,800,2200
174513456,axtel ,portal de proveedores, n1, p4,28,31/08/20,06/09/20,chore,1,26/08/20,26,04/09/20,9,800,15000
174513421,axtel ,portal de proveedores, n1, p4,28,31/08/20,06/09/20,chore,1,26/08/20,26,04/09/20,9,800,15000
174521677,bimbo , devolución por kilos, n1, p4,28,31/08/20,06/09/20,chore,1,26/08/20,26,04/09/20,9,800,15000
174405047,lefort , app lefort,n1,p4,28,31/08/20,06/09/20,bug,5,19/08/20,19,04/09/20,16,4000,28600
174540151,lefort , app center,n1,p4,28,31/08/20,06/09/20,bug,1,27/08/20,27,04/09/20,8,800,13400
174693953,bimbo , vehículos, n1, p4,29,07/09/20,13/09/20,chore,1,07/09/20,7,07/09/20,1,800,2200
174697913,bimbo , vehículos, n2, p4,29,07/09/20,13/09/20,chore,1,07/09/20,7,07/09/20,1,800,2200
174607873, printpack,app center , n2, p4,29,07/09/20,13/09/20,feature,1,01/09/20,1,08/09/20,7,800,11800
174711960,lefort ,app legacy, n1, p4,29,07/09/20,13/09/20,chore,1,08/09/20,8,08/09/20,1,800,2200
174712066,lefort ,app legacy, n2, p4,29,07/09/20,13/09/20,chore,1,08/09/20,8,08/09/20,1,800,2200
174720401,bimbo , vehículos, n2, p4,29,07/09/20,13/09/20,chore,1,08/09/20,8,08/09/20,1,800,2200
174730725,axtel ,portal de proveedores, n2, p4,29,07/09/20,13/09/20,chore,1,09/09/20,9,09/09/20,1,800,2200
174739797,axtel ,portal de proveedores, n2, p4,29,07/09/20,13/09/20,chore,1,09/09/20,9,09/09/20,1,800,2200
174754829,axtel ,portal de proveedores, n1, p4,29,07/09/20,13/09/20,chore,1,10/09/20,10,10/09/20,1,800,2200
174431673,lefort , app lefort,n2,p3,29,07/09/20,13/09/20,chore,3,20/08/20,20,10/09/20,21,2400,35400
174765696,lefort ,app legacy, n1, p4,29,07/09/20,13/09/20,chore,1,10/09/20,10,10/09/20,1,800,2200
174603505,axtel ,portal de proveedores, n2, p4,29,07/09/20,13/09/20,chore,1,01/09/20,1,10/09/20,9,800,15000
174647075, bimbo nafin,app center , n2, p4,29,07/09/20,13/09/20,bug,1,03/09/20,3,10/09/20,7,800,11800
174679165,lefort ,app legacy, n2, p4,29,07/09/20,13/09/20,chore,2,04/09/20,4,11/09/20,7,1600,12400
174776392, bimbo nafin,app center , n1, p4,29,07/09/20,13/09/20,chore,1,11/09/20,11,11/09/20,1,800,2200
173975324,lefort , app lefort,n1,p4,29,07/09/20,13/09/20,chore,23,23/07/20,23,11/09/20,50,18400,93800
173137661,lefort ,cau interno, n3,p4,29,07/09/20,13/09/20,chore,1,02/06/20,2,11/09/20,101,800,162200
173422052,lefort ,cau interno, n3,p4,29,07/09/20,13/09/20,chore,3,19/06/20,19,11/09/20,84,2400,136200
174404774, alestra/raloy,app center , n2, p4,29,07/09/20,13/09/20,chore,1,19/08/20,19,11/09/20,23,800,37400
174804436,lefort ,app legacy, n1, p4,30,14/09/20,20/09/20,chore,1,14/09/20,14,14/09/20,1,800,2200
174824057,lefort ,app legacy, n1, p4,30,14/09/20,20/09/20,chore,1,15/09/20,15,15/09/20,1,800,2200
174811815,bimbo , vehículos, n2, p4,30,14/09/20,20/09/20,chore,2,14/09/20,14,15/09/20,1,1600,2800
174823740,bimbo , devolución por kilos, n2, p4,30,14/09/20,20/09/20,chore,2,15/09/20,15,15/09/20,1,1600,2800
174812437,bimbo , devolución por kilos, n2, p4,30,14/09/20,20/09/20,chore,1,14/09/20,14,15/09/20,1,800,2200
174800563,lefort ,bot center, n2, p4,30,14/09/20,20/09/20,chore,1,14/09/20,14,17/09/20,3,800,5400
174819731,axtel ,portal de proveedores, n2, p3,30,14/09/20,20/09/20,chore,2,15/09/20,15,17/09/20,2,1600,4400
174765722,bimbo , vehículos, n2,p4,30,14/09/20,20/09/20,feature,2,10/09/20,10,18/09/20,8,1600,14000
174804160,bimbo , vehículos, n2, p4,30,14/09/20,20/09/20,feature,1,14/09/20,14,18/09/20,4,800,7000
174714965,bimbo , vehículos, n2, p2,30,14/09/20,20/09/20,bug,1,08/09/20,8,18/09/20,10,800,16600
174927978,bimbo , vehículos, n2, p4,31,21/09/20,27/09/20,chore,1,22/09/20,22,22/09/20,1,800,2200
174908595,bimbo , vehículos, n2, p4,31,21/09/20,27/09/20,chore,2,21/09/20,21,22/09/20,1,1600,2800
174934221,bimbo , vehículos, n2, p4,31,21/09/20,27/09/20,chore,1,22/09/20,22,22/09/20,1,800,2200
174662049,mfm,capital tech, n2, p4,31,21/09/20,27/09/20,chore,1,03/09/20,3,22/09/20,19,800,31000
174937180,bosch , fundación, n2, p4,31,21/09/20,27/09/20,chore,24,22/09/20,22,22/09/20,1,19200,16000
174937216,bimbo , vehículos, n2, p4,31,21/09/20,27/09/20,chore,1,22/09/20,22,22/09/20,1,800,2200
174864655, printpack,app center , n2, p4,31,21/09/20,27/09/20,chore,2,17/09/20,17,23/09/20,6,1600,10800
174974677,bimbo , vehículos, n2, p4,31,21/09/20,27/09/20,chore,1,24/09/20,24,24/09/20,1,800,2200
174979846,lefort ,app legacy, n2, p4,31,21/09/20,27/09/20,chore,1,24/09/20,24,24/09/20,1,800,2200
174880002, printpack,app center , n2, p4,31,21/09/20,27/09/20,chore,1,18/09/20,18,25/09/20,7,800,11800
174993054,bimbo , vehículos, n2, p4,31,21/09/20,27/09/20,chore,1,25/09/20,25,25/09/20,1,800,2200
174956464,axtel ,portal de proveedores, n1, p4,31,21/09/20,27/09/20,chore,1,23/09/20,23,25/09/20,2,800,3800
174917266, bimbo nafin,app center , n1, p4,31,21/09/20,27/09/20,chore,1,21/09/20,21,25/09/20,4,800,7000
174742166, printpack,app center , n2, p2,32,28/09/20,04/10/20,feature,3,09/09/20,9,29/09/20,20,2400,33800
174885062, printpack,app center , n2, p4,32,28/09/20,04/10/20,feature,5,18/09/20,18,29/09/20,11,4000,20600
174630975,lefort ,app legacy, n2, p4,32,28/09/20,04/10/20,bug,1,02/09/20,2,29/09/20,27,800,43800
174765471,lefort ,app legacy, n2, p3,32,28/09/20,04/10/20,bug,3,10/09/20,10,29/09/20,19,2400,32200
174680317,lefort ,app legacy, n2,p4,32,28/09/20,04/10/20,bug,1,04/09/20,4,29/09/20,25,800,40600
175044790, bimbo nafin,app center , n1, p4,32,28/09/20,04/10/20,chore,1,29/09/20,29,29/09/20,1,800,2200
175087140,lefort ,app legacy, n2, p4,32,28/09/20,04/10/20,chore,1,01/10/20,1,02/10/20,1,800,2200
175102920,bimbo , devolución por kilos, n2, p4,33,05/10/20,11/10/20,chore,2,02/10/20,2,05/10/20,3,1600,6000
174630909,lefort ,app legacy, n2, p4,33,05/10/20,11/10/20,chore,1,02/09/20,2,05/10/20,33,800,53400
174782532, alestra/raloy,app center , n2,p4,33,05/10/20,11/10/20,chore,2,11/09/20,11,05/10/20,24,1600,39600
174906277,bimbo , jurídico, n2, p4,33,05/10/20,11/10/20,chore,1,21/09/20,21,05/10/20,14,800,23000
174988412,bimbo , vehículos, n2, p4,33,05/10/20,11/10/20,chore,2,25/09/20,25,05/10/20,10,1600,17200
174992096,bimbo , vehículos, n2, p4,33,05/10/20,11/10/20,chore,2,25/09/20,25,05/10/20,10,1600,17200
174992678,bimbo , vehículos, n2, p4,33,05/10/20,11/10/20,chore,1,25/09/20,25,05/10/20,10,800,16600
174995622,bimbo , vehículos, n2, p4,33,05/10/20,11/10/20,chore,1,25/09/20,25,05/10/20,10,800,16600
175152034,bimbo , devolución por kilos, n2, p4,33,05/10/20,11/10/20,chore,1,06/10/20,6,06/10/20,1,800,2200
175043117, printpack,app center , n1, p4,33,05/10/20,11/10/20,chore,5,29/09/20,29,07/10/20,8,4000,15800
175172217,bimbo , jurídico, n2, p4,33,05/10/20,11/10/20,chore,25,07/10/20,7,07/10/20,1,20000,16600
175175011,lefort ,app legacy, n2, p4,33,05/10/20,11/10/20,chore,1,07/10/20,7,08/10/20,1,800,2200
175143061,axtel ,portal de proveedores, n2, p4,34,12/10/20,18/10/20,chore,1,06/10/20,6,12/10/20,6,800,10200
175255215,bimbo , vehículos, n2, p4,34,12/10/20,18/10/20,chore,1,13/10/20,13,14/10/20,1,800,2200
175272212, bimbo nafin,app center , n1, p4,34,12/10/20,18/10/20,chore,1,14/10/20,14,14/10/20,1,800,2200
175249016,axtel ,portal de proveedores, n2, p4,34,12/10/20,18/10/20,chore,1,13/10/20,13,14/10/20,1,800,2200
175305650,bimbo , vehículos, n2, p4,34,12/10/20,18/10/20,chore,1,16/10/20,16,16/10/20,1,800,2200
175238083,bimbo , vehículos, n2, p4,34,12/10/20,18/10/20,chore,1,12/10/20,12,16/10/20,4,800,7000
175270958, bimbo nafin,app center , n2, p4,34,12/10/20,18/10/20,chore,2,14/10/20,14,16/10/20,2,1600,4400
175274539,axtel ,portal de proveedores, n1, p4,34,12/10/20,18/10/20,chore,1,14/10/20,14,16/10/20,2,800,3800
175288373, bimbo nafin,app center , n1, p4,34,12/10/20,18/10/20,chore,1,15/10/20,15,16/10/20,1,800,2200
175288687,lefort ,app legacy, n1, p4,34,12/10/20,18/10/20,chore,1,15/10/20,15,16/10/20,1,800,2200
175255158, bimbo nafin,app center , n2, p4,34,12/10/20,18/10/20,chore,1,13/10/20,13,16/10/20,3,800,5400
175288892,lefort ,app legacy, n1, p4,34,12/10/20,18/10/20,chore,1,15/10/20,15,16/10/20,1,800,2200
175273164,axtel ,portal de proveedores, n1, p4,34,12/10/20,18/10/20,chore,2,14/10/20,14,16/10/20,2,1600,4400
175421524,bosch , facturación automática, n1, p4,34,12/10/20,18/10/20,chore,2,23/10/20,23,16/10/20,7,1600,12400
174960296,axtel ,portal de proveedores, n2, p4,34,12/10/20,18/10/20,chore,2,23/09/20,23,16/10/20,23,1600,38000
175231454,axtel ,portal de proveedores, n2, p4,34,12/10/20,18/10/20,chore,1,12/10/20,12,16/10/20,4,800,7000
175015525, lefort , cau interno,n1,p4,35,19/10/20,25/10/20,chore,1,28/09/20,28,19/10/20,21,800,34200
175132087, bimbo nafin,app center , n1, p4,35,19/10/20,25/10/20,chore,1,05/10/20,5,19/10/20,14,800,23000
175255474,bimbo , vehículos, n2, p4,35,19/10/20,25/10/20,chore,1,13/10/20,13,20/10/20,7,800,11800
175356650,lefort ,app legacy, n1, p4,35,19/10/20,25/10/20,chore,1,20/10/20,20,20/10/20,1,800,2200
174604900,axtel ,portal de proveedores, n2, p4,35,19/10/20,25/10/20,feature,2,01/09/20,1,22/10/20,51,1600,82800
175358839,axtel ,portal de proveedores, n1, p4,35,19/10/20,25/10/20,chore,1,20/10/20,20,23/10/20,3,800,5400
175421442,bimbo , vehículos, n2, p4,35,19/10/20,25/10/20,chore,1,23/10/20,23,23/10/20,1,800,2200
175443279,lefort ,app legacy, n2, p4,35,19/10/20,25/10/20,chore,1,26/10/20,26,23/10/20,3,800,5400
175359038,axtel ,portal de proveedores, n1, p4,35,19/10/20,25/10/20,chore,1,20/10/20,20,23/10/20,3,800,5400
175443505, printpack,app center , n1, p4,35,19/10/20,25/10/20,chore,1,26/10/20,26,23/10/20,3,800,5400
175443676,lefort ,app center, n1, p4,35,19/10/20,25/10/20,chore,1,26/10/20,26,23/10/20,3,800,5400
175446718,lefort ,app legacy, n1, p4,35,19/10/20,25/10/20,chore,1,26/10/20,26,23/10/20,3,800,5400
175421287,lefort ,app legacy, n1, p4,35,19/10/20,25/10/20,chore,1,23/10/20,23,23/10/20,1,800,2200
175421258,axtel ,portal de proveedores, n1, p4,35,19/10/20,25/10/20,chore,1,23/10/20,23,23/10/20,1,800,2200
175421392,bimbo , vehículos, n1, p4,35,19/10/20,25/10/20,chore,1,23/10/20,23,23/10/20,1,800,2200
174866552,bimbo , devolución por kilos, n1, p4,35,19/10/20,25/10/20,chore,1,17/09/20,17,23/10/20,36,800,58200
174929583,axtel ,portal de proveedores, n2, p4,35,19/10/20,25/10/20,chore,1,22/09/20,22,23/10/20,31,800,50200
174999581,lefort ,app legacy, n1, p4,35,19/10/20,25/10/20,chore,1,25/09/20,25,23/10/20,28,800,45400
173666998,bosch ,e-commerce, n2, p2,35,19/10/20,25/10/20,bug,8,06/07/20,6,23/10/20,109,6400,179200
175306086,bosch ,e-commerce, n3, p2,36,26/10/20,01/11/20,bug,8,16/10/20,16,26/10/20,10,6400,20800
175446470,axtel ,portal de proveedores, n3, p4,36,26/10/20,01/11/20,chore,1,26/10/20,26,26/10/20,1,800,2200
175449474,mfm,capital tech, n3, p1,36,26/10/20,01/11/20,chore,26,26/10/20,26,26/10/20,1,20800,17200
175269859,axtel ,portal de proveedores, n3, p4,36,26/10/20,01/11/20,chore,2,14/10/20,14,27/10/20,13,1600,22000
175175108,axtel ,portal de proveedores, n3, p4,36,26/10/20,01/11/20,chore,27,07/10/20,7,27/10/20,20,21600,48200
175462593,bimbo , vehículos, n2, p4,36,26/10/20,01/11/20,chore,2,27/10/20,27,27/10/20,1,1600,2800
175469495,axtel ,portal de proveedores, n1, p4,36,26/10/20,01/11/20,chore,1,27/10/20,27,27/10/20,1,800,2200
175470620,lefort ,app legacy, n1, p4,36,26/10/20,01/11/20,chore,1,27/10/20,27,27/10/20,1,800,2200
175486071,lefort , cau interno, n3, p2,36,26/10/20,01/11/20,chore,1,28/10/20,28,30/10/20,2,800,3800
175526136,lefort ,delta, n1, p4,36,26/10/20,01/11/20,chore,1,31/10/20,31,30/10/20,1,800,2200
175526165,lefort ,app legacy, n2, p4,36,26/10/20,01/11/20,chore,2,31/10/20,31,30/10/20,1,1600,2800
175526176,lefort ,app legacy, n1, p4,36,26/10/20,01/11/20,chore,1,31/10/20,31,30/10/20,1,800,2200
175460687,lefort ,app legacy, n1, p4,36,26/10/20,01/11/20,chore,1,27/10/20,27,30/10/20,3,800,5400
175354155,axtel ,portal de proveedores, n1, p4,36,26/10/20,01/11/20,chore,1,20/10/20,20,30/10/20,10,800,16600
175272595, bimbo nafin,app center , n1, p3,36,26/10/20,01/11/20,chore,2,14/10/20,14,30/10/20,16,1600,26800
175460482, printpack,app center , n1, p4,36,26/10/20,01/11/20,chore,1,27/10/20,27,30/10/20,3,800,5400
175526187, bimbo nafin,app center , n1, p4,36,26/10/20,01/11/20,chore,3,31/10/20,31,30/10/20,1,2400,3400
175526205,bimbo , vehículos, n1, p3,36,26/10/20,01/11/20,chore,2,31/10/20,31,30/10/20,1,1600,2800
174917902,axtel ,portal de proveedores, n3, p4,37,02/11/20,08/11/20,chore,28,21/09/20,21,02/11/20,42,22400,84000
175578603,lefort ,app center, n1, p4,37,02/11/20,08/11/20,chore,1,04/11/20,4,03/11/20,1,800,2200
175582124,bimbo , vehículos, n2, p4,37,02/11/20,08/11/20,chore,1,04/11/20,4,04/11/20,1,800,2200
175646369,bimbo , vehículos, n1, p4,37,02/11/20,08/11/20,chore,1,09/11/20,9,06/11/20,3,800,5400
175309655,lefort ,app legacy, n1, p4,37,02/11/20,08/11/20,chore,1,16/10/20,16,06/11/20,21,800,34200
175526123,axtel ,portal de proveedores, n1, p4,37,02/11/20,08/11/20,chore,2,31/10/20,31,06/11/20,6,1600,10800
175549675,lefort ,app legacy, n1, p4,37,02/11/20,08/11/20,chore,2,02/11/20,2,06/11/20,4,1600,7600
175541959,lefort ,app legacy, n2, p3,37,02/11/20,08/11/20,chore,2,02/11/20,2,06/11/20,4,1600,7600
175646659,lefort ,app legacy, n1, p3,37,02/11/20,08/11/20,chore,1,09/11/20,9,06/11/20,3,800,5400
175375468, printpack,app center , n3, p4,37,02/11/20,08/11/20,chore,3,21/10/20,21,06/11/20,16,2400,27400
174912291,axtel ,portal de proveedores, n2, p4,37,02/11/20,08/11/20,bug,1,21/09/20,21,06/11/20,46,800,74200
175290465,axtel ,portal de proveedores, n1, p4,37,02/11/20,08/11/20,chore,3,15/10/20,15,06/11/20,22,2400,37000
175526133,axtel ,portal de proveedores, n1, p4,37,02/11/20,08/11/20,chore,1,31/10/20,31,06/11/20,6,800,10200
175423517,bimbo , devolución por kilos, n3, p4,37,02/11/20,08/11/20,bug,5,23/10/20,23,06/11/20,14,4000,25400
171938745,lefort ,app legacy, n2, p3,37,02/11/20,08/11/20,chore,29,23/03/20,23,06/11/20,228,23200,382200
174766690,axtel ,portal de proveedores, n2, p4,37,02/11/20,08/11/20,chore,1,10/09/20,10,06/11/20,57,800,91800
174653779,lefort ,app legacy, n2, p4,37,02/11/20,08/11/20,bug,1,03/09/20,3,06/11/20,64,800,103000
174862813,axtel ,portal de proveedores, n2, p4,37,02/11/20,08/11/20,feature,3,17/09/20,17,06/11/20,50,2400,81800
175056502, bimbo nafin,app center , n2, p4,37,02/11/20,08/11/20,bug,1,30/09/20,30,06/11/20,37,800,59800
173965641,lefort , app lefort,n3,p2,37,02/11/20,08/11/20,bug,2,23/07/20,23,06/11/20,106,1600,170800
174812230,bimbo , devolución por kilos, n2, p4,37,02/11/20,08/11/20,bug,30,14/09/20,14,06/11/20,53,24000,102800
174812241,bimbo , devolución por kilos, n2, p2,37,02/11/20,08/11/20,bug,8,14/09/20,14,06/11/20,53,6400,89600
174812211,bimbo , devolución por kilos, n2, p2,37,02/11/20,08/11/20,bug,8,14/09/20,14,06/11/20,53,6400,89600
174765440,lefort ,app legacy, n2, p4,37,02/11/20,08/11/20,chore,31,10/09/20,10,06/11/20,57,24800,109800
173975378,lefort , app lefort,n1,p4,37,02/11/20,08/11/20,chore,32,23/07/20,23,06/11/20,106,25600,188800
175048153,bosch , facturación automática, n2, p4,37,02/11/20,08/11/20,chore,33,29/09/20,29,06/11/20,38,26400,80600
175172164,lefort ,app legacy, n1, p4,37,02/11/20,08/11/20,chore,1,07/10/20,7,06/11/20,30,800,48600
175188175,axtel ,portal de proveedores, n2, p2,37,02/11/20,08/11/20,chore,2,08/10/20,8,06/11/20,29,1600,47600
175195160,lefort ,app legacy,n1,p4,37,02/11/20,08/11/20,chore,1,08/10/20,8,06/11/20,29,800,47000
175175151, printpack,app center , n1, p4,37,02/11/20,08/11/20,chore,1,07/10/20,7,06/11/20,30,800,48600
175154427,lefort ,app legacy, n1, p4,37,02/11/20,08/11/20,chore,1,06/10/20,6,06/11/20,31,800,50200
175144398, bimbo nafin,app center , n2, p4,37,02/11/20,08/11/20,chore,1,06/10/20,6,06/11/20,31,800,50200
175143030, bimbo nafin,app center , n1, p4,37,02/11/20,08/11/20,chore,1,06/10/20,6,06/11/20,31,800,50200
171938750,carga a bordo logistica,carga a bordo logistica, n2,p4,37,02/11/20,08/11/20,feature,1,23/03/20,23,06/11/20,228,800,365400
171938742,carga a bordo logistica,carga a bordo logistica, n2,p4,37,02/11/20,08/11/20,feature,1,23/03/20,23,06/11/20,228,800,365400
175469748,axtel ,portal de proveedores, n1, p4,37,02/11/20,08/11/20,chore,1,27/10/20,27,06/11/20,10,800,16600
175655296,axtel ,portal de proveedores, n1, p4,37,02/11/20,08/11/20,chore,1,09/11/20,9,06/11/20,3,800,5400
175646490,bimbo , vehículos, n1, p4,37,02/11/20,08/11/20,chore,1,09/11/20,9,07/11/20,2,800,3800
175646545,bimbo , vehículos, n1, p4,37,02/11/20,08/11/20,chore,1,09/11/20,9,07/11/20,2,800,3800
175705373,bimbo , vehículos, n1, p4,38,09/11/20,15/11/20,chore,1,12/11/20,12,12/11/20,1,800,2200
175705846,lefort ,bot center, n1, p4,38,09/11/20,15/11/20,chore,1,12/11/20,12,12/11/20,1,800,2200
175706519,axtel ,portal de proveedores, n1, p4,38,09/11/20,15/11/20,chore,1,12/11/20,12,12/11/20,1,800,2200
175703741,bimbo , vehículos, n2, p4,38,09/11/20,15/11/20,chore,1,12/11/20,12,12/11/20,1,800,2200
175100594,lefort ,app legacy, n1, p4,38,09/11/20,15/11/20,chore,1,02/10/20,2,12/11/20,41,800,66200
175172112, bimbo nafin,app center , n1, p4,38,09/11/20,15/11/20,chore,1,07/10/20,7,12/11/20,36,800,58200
175195111, alestra/raloy,app center , n2, p2,38,09/11/20,15/11/20,chore,3,08/10/20,8,12/11/20,35,2400,57800
175195183,bosch , automation tax, n1, p4,38,09/11/20,15/11/20,chore,34,08/10/20,8,12/11/20,35,27200,76400
175195189,bosch , automation tax, n2, p4,38,09/11/20,15/11/20,chore,35,08/10/20,8,12/11/20,35,28000,77000
175195203, bimbo nafin,app center , n1, p4,38,09/11/20,15/11/20,chore,36,08/10/20,8,12/11/20,35,28800,77600
175686751, bimbo nafin,app center , n3, p3,38,09/11/20,15/11/20,bug,2,11/11/20,11,13/11/20,2,1600,4400
175705888,axtel ,portal de proveedores, n1, p4,38,09/11/20,15/11/20,chore,1,12/11/20,12,13/11/20,1,800,2200
175706167,lefort ,bot center , n2, p4,38,09/11/20,15/11/20,chore,1,12/11/20,12,13/11/20,1,800,2200
174860925,axtel ,portal de proveedores, n2, p4,38,09/11/20,15/11/20,chore,1,17/09/20,17,13/11/20,57,800,91800
174999548,lefort ,app legacy, n1, p4,38,09/11/20,15/11/20,chore,37,25/09/20,25,13/11/20,49,29600,100600
174100883,lefort , cau interno, n1, p4,38,09/11/20,15/11/20,chore,1,30/07/20,30,13/11/20,106,800,170200
174269079,lefort , cau interno, n1, p4,38,09/11/20,15/11/20,chore,1,10/08/20,10,13/11/20,95,800,152600
175725092, bimbo nafin,app center , n1, p4,38,09/11/20,15/11/20,chore,1,13/11/20,13,13/11/20,1,800,2200
175211100,bosch ,e-commerce, n2, p2,38,09/11/20,15/11/20,bug,5,09/10/20,9,13/11/20,35,4000,59000
175490067,bimbo , vehículos, n2, p4,39,16/11/20,22/11/20,feature,2,28/10/20,28,18/11/20,21,1600,34800
175803594,bimbo , vehículos, n2, p3,39,16/11/20,22/11/20,chore,1,19/11/20,19,19/11/20,1,800,2200
175803864,axtel ,portal de proveedores, n1, p4,39,16/11/20,22/11/20,chore,1,19/11/20,19,19/11/20,1,800,2200
175821264,bimbo , vehículos, n1, p4,39,16/11/20,22/11/20,chore,1,20/11/20,20,20/11/20,1,800,2200
175852121,lefort ,app legacy, n1, p4,39,16/11/20,22/11/20,chore,1,23/11/20,23,20/11/20,3,800,5400
175852234,lefort ,app legacy, n1, p4,39,16/11/20,22/11/20,chore,1,23/11/20,23,20/11/20,3,800,5400
175852344,axtel ,portal de proveedores, n1, p4,39,16/11/20,22/11/20,chore,1,23/11/20,23,20/11/20,3,800,5400
175852655,axtel ,portal de proveedores, n2, p4,39,16/11/20,22/11/20,chore,1,23/11/20,23,20/11/20,3,800,5400
175852781, bimbo nafin,app center , n1, p4,39,16/11/20,22/11/20,chore,1,23/11/20,23,20/11/20,3,800,5400
175853662,lefort ,app legacy, n1, p4,39,16/11/20,22/11/20,chore,1,23/11/20,23,20/11/20,3,800,5400
175853271,bosch , automation tax, n3, p3,39,16/11/20,22/11/20,chore,1,23/11/20,23,20/11/20,3,800,5400
175853259,bosch , automation tax, n2, p3,39,16/11/20,22/11/20,chore,1,23/11/20,23,20/11/20,3,800,5400
175863449,bimbo , vehículos, n1, p4,39,16/11/20,22/11/20,chore,1,23/11/20,23,20/11/20,3,800,5400
175863651,axtel ,portal de proveedores, n1, p4,39,16/11/20,22/11/20,chore,1,23/11/20,23,20/11/20,3,800,5400
175854073,axtel ,portal de proveedores, n1, p4,39,16/11/20,22/11/20,chore,1,23/11/20,23,20/11/20,3,800,5400
175863724,axtel ,portal de proveedores, n2, p4,39,16/11/20,22/11/20,chore,1,23/11/20,23,20/11/20,3,800,5400
175863742,axtel ,portal de proveedores, n2, p4,39,16/11/20,22/11/20,chore,1,23/11/20,23,20/11/20,3,800,5400
175863617, bimbo nafin,app center , n3, p3,39,16/11/20,22/11/20,bug,38,23/11/20,23,20/11/20,3,30400,27600
175898032,lefort ,app legacy, n1, p4,40,23/11/20,29/11/20,chore,1,25/11/20,25,25/11/20,1,800,2200
175935743,lefort ,bot center, n2, p4,40,23/11/20,29/11/20,chore,1,30/11/20,30,27/11/20,3,800,5400
175706341,bosch , facturación automática, n2, p4,40,23/11/20,29/11/20,chore,2,12/11/20,12,27/11/20,15,1600,25200
175943654,axtel ,portal de proveedores, n1, p4,40,23/11/20,29/11/20,chore,1,30/11/20,30,27/11/20,3,800,5400
175943761,lefort ,app legacy, n2, p3,40,23/11/20,29/11/20,chore,1,30/11/20,30,27/11/20,3,800,5400
175952754, printpack,app center , n1, p4,40,23/11/20,29/11/20,chore,1,01/12/20,1,27/11/20,4,800,7000
175952805, printpack,app center , n1, p4,40,23/11/20,29/11/20,chore,1,01/12/20,1,27/11/20,4,800,7000
175952869,lefort ,app legacy, n2, p4,40,23/11/20,29/11/20,chore,1,01/12/20,1,27/11/20,4,800,7000
175952921,lefort ,app legacy, n1, p4,40,23/11/20,29/11/20,chore,1,01/12/20,1,27/11/20,4,800,7000
175952947,lefort ,app center, n1, p4,40,23/11/20,29/11/20,chore,1,01/12/20,1,27/11/20,4,800,7000
176036181,bimbo , vehículos, n1, p4,41,30/11/20,06/12/20,chore,1,07/12/20,7,04/12/20,3,800,5400
176039492,axtel ,portal de proveedores, n1, p4,41,30/11/20,06/12/20,chore,1,07/12/20,7,04/12/20,3,800,5400
176043868, bimbo nafin,fideicomisos,n2,p2,41,30/11/20,06/12/20,chore,2,07/12/20,7,04/12/20,3,1600,6000
175526197, bimbo nafin,app center , n2, p4,41,30/11/20,06/12/20,bug,2,31/10/20,31,04/12/20,34,1600,55600
175724468, bimbo nafin,app center , n2, p4,41,30/11/20,06/12/20,chore,2,13/11/20,13,04/12/20,21,1600,34800
175952994,lefort ,app legacy, n1, p4,41,30/11/20,06/12/20,chore,2,01/12/20,1,04/12/20,3,1600,6000
176043201,axtel ,portal de proveedores, n1, p4,41,30/11/20,06/12/20,chore,1,07/12/20,7,04/12/20,3,800,5400
176042709,bimbo , vehículos, n2, p3,42,07/12/20,13/12/20,chore,1,07/12/20,7,07/12/20,1,800,2200
176042761,bimbo , vehículos, n2, p3,42,07/12/20,13/12/20,chore,1,07/12/20,7,07/12/20,1,800,2200
176046355,lefort ,app legacy, n1, p3,42,07/12/20,13/12/20,chore,2,07/12/20,7,11/12/20,4,1600,7600
176170812,axtel ,portal de proveedores, n1, p4,42,07/12/20,13/12/20,chore,1,15/12/20,15,11/12/20,4,800,7000
176170900,axtel ,portal de proveedores, n2, p3,42,07/12/20,13/12/20,chore,2,15/12/20,15,11/12/20,4,1600,7600
176170870,lefort ,bot center, n3, p3,42,07/12/20,13/12/20,bug,1,15/12/20,15,11/12/20,4,800,7000
176170985,bimbo , vehículos, n1, p4,42,07/12/20,13/12/20,chore,1,15/12/20,15,11/12/20,4,800,7000
176171029,bimbo , vehículos, n1, p4,42,07/12/20,13/12/20,chore,1,15/12/20,15,11/12/20,4,800,7000
176043714,axtel ,portal de proveedores, n1, p3,42,07/12/20,13/12/20,chore,1,07/12/20,7,11/12/20,4,800,7000
176307922,lefort , cau interno, n2, p3,43,14/12/20,20/12/20,chore,1,29/12/20,29,16/12/20,13,800,21400
176223825,axtel ,portal de proveedores, n2, p4,43,14/12/20,20/12/20,chore,1,18/12/20,18,18/12/20,1,800,2200
176224210,bimbo , vehículos, n1, p3,43,14/12/20,20/12/20,chore,1,18/12/20,18,18/12/20,1,800,2200
176224467,lefort ,app legacy, n2, p4,43,14/12/20,20/12/20,chore,1,18/12/20,18,18/12/20,1,800,2200
176224515,bimbo , vehículos, n1, p4,43,14/12/20,20/12/20,chore,1,18/12/20,18,18/12/20,1,800,2200
176224568,lefort ,app legacy, n1, p4,43,14/12/20,20/12/20,chore,1,18/12/20,18,18/12/20,1,800,2200
176214046,lefort ,app legacy, n2, p3,43,14/12/20,20/12/20,chore,1,17/12/20,17,18/12/20,1,800,2200
176224112,bosch , automation tax, n3, p2,43,14/12/20,20/12/20,chore,2,18/12/20,18,18/12/20,1,1600,2800
176252911,bimbo , vehículos, n1, p4,43,14/12/20,20/12/20,chore,1,21/12/20,21,18/12/20,3,800,5400
176252948,axtel ,portal de proveedores, n1, p3,43,14/12/20,20/12/20,chore,1,21/12/20,21,18/12/20,3,800,5400
176224411,bosch , automation tax, n3, p3,43,14/12/20,20/12/20,bug,2,18/12/20,18,18/12/20,1,1600,2800
176224334,bosch , automation tax, n3, p3,43,14/12/20,20/12/20,bug,2,18/12/20,18,18/12/20,1,1600,2800
176214101,lefort ,app legacy, n2, p3,43,14/12/20,20/12/20,chore,1,17/12/20,17,18/12/20,1,800,2200
175821679, printpack,app center , n1, p4,43,14/12/20,20/12/20,chore,2,20/11/20,20,18/12/20,28,1600,46000
176223947,bosch ,e-commerce, n3, p3,44,21/12/20,27/12/20,feature,5,18/12/20,18,22/12/20,4,4000,9400
175863775,bosch ,e-commerce, n3, p3,44,21/12/20,27/12/20,bug,8,23/11/20,23,22/12/20,29,6400,51200
176307863,axtel ,portal de proveedores, n2, p4,44,21/12/20,27/12/20,chore,1,29/12/20,29,23/12/20,6,800,10200
176247280,axtel ,portal de proveedores, n3, p2,44,21/12/20,27/12/20,bug,5,21/12/20,21,23/12/20,2,4000,6200
176307959,lefort ,app legacy, n1, p4,44,21/12/20,27/12/20,chore,1,29/12/20,29,23/12/20,6,800,10200
176307972,lefort ,app legacy, n1, p4,44,21/12/20,27/12/20,chore,1,29/12/20,29,23/12/20,6,800,10200
176307887,lefort ,app legacy, n2, p4,44,21/12/20,27/12/20,chore,1,29/12/20,29,23/12/20,6,800,10200
176353440,lefort ,app legacy, n2, p4,45,28/12/20,03/01/21,chore,3,04/01/21,4,30/12/20,5,2400,9800
176353530,bosch , fundación, n2, p2,45,28/12/20,03/01/21,chore,2,04/01/21,4,30/12/20,5,1600,9200
176353559,lefort ,app legacy, n1, p1,45,28/12/20,03/01/21,chore,1,04/01/21,4,30/12/20,5,800,8600
176368487,lefort ,bot center , n3, p1,46,04/01/21,10/01/21,chore,1,05/01/21,5,05/01/21,1,800,2200
176439290,lefort ,app legacy, n1, p3,46,04/01/21,10/01/21,chore,1,11/01/21,11,08/01/21,3,800,5400
176439397,lefort ,bot center, n1, p1,46,04/01/21,10/01/21,chore,1,11/01/21,11,08/01/21,3,800,5400
176442730,lefort ,app legacy, n2, p4,46,04/01/21,10/01/21,chore,2,11/01/21,11,08/01/21,3,1600,6000
176444122,axtel ,portal de proveedores, n1, p4,46,04/01/21,10/01/21,chore,1,11/01/21,11,08/01/21,3,800,5400
176444489,axtel ,portal de proveedores, n2, p4,46,04/01/21,10/01/21,chore,1,11/01/21,11,08/01/21,3,800,5400
176445103,lefort ,bot center, n1, p4,46,04/01/21,10/01/21,chore,1,11/01/21,11,08/01/21,3,800,5400
176444647,bimbo nafin,fideicomisos, n3, p1,46,04/01/21,10/01/21,chore,8,11/01/21,11,08/01/21,3,6400,9600
176445473,axtel ,portal de proveedores, n2, p4,46,04/01/21,10/01/21,chore,1,11/01/21,11,08/01/21,3,800,5400
176459682,lefort ,app legacy, n1, p4,46,04/01/21,10/01/21,chore,1,12/01/21,12,08/01/21,4,800,7000
176459998, bimbo nafin,app center , n1, p4,46,04/01/21,10/01/21,chore,1,12/01/21,12,08/01/21,4,800,7000
176460169,lefort ,app legacy, n1, p4,46,04/01/21,10/01/21,chore,1,12/01/21,12,08/01/21,4,800,7000
176460266,lefort ,app legacy, n1, p4,46,04/01/21,10/01/21,chore,1,12/01/21,12,08/01/21,4,800,7000
176459852,lefort ,app legacy, n1, p4,46,04/01/21,10/01/21,chore,1,12/01/21,12,08/01/21,4,800,7000
176445650,axtel ,portal de proveedores, n2, p4,47,11/01/21,17/01/21,chore,1,11/01/21,11,11/01/21,1,800,2200
176468011, printpack,app center , n1, p4,47,11/01/21,17/01/21,chore,1,12/01/21,12,12/01/21,1,800,2200
176469999, bimbo nafin,app center , n3, p3,47,11/01/21,17/01/21,chore,1,12/01/21,12,12/01/21,1,800,2200
176554851,axtel ,portal de proveedores, n1, p4,47,11/01/21,17/01/21,chore,1,19/01/21,19,15/01/21,4,800,7000
176555095,bimbo , devolución por kilos, n2, p4,47,11/01/21,17/01/21,chore,2,19/01/21,19,15/01/21,4,1600,7600
176522405,lefort , cau interno, n3, p3,47,11/01/21,17/01/21,bug,1,15/01/21,15,15/01/21,1,800,2200
176555230,axtel ,portal de proveedores, n2, p3,47,11/01/21,17/01/21,chore,1,19/01/21,19,15/01/21,4,800,7000
176522076,bosch ,e-commerce, n3, p3,47,11/01/21,17/01/21,bug,8,15/01/21,15,15/01/21,1,6400,6400
176171062,lefort ,app legacy, n1, p4,47,11/01/21,17/01/21,chore,1,15/12/20,15,15/01/21,31,800,50200
176555377,bosch ,e-commerce, n1, p4,47,11/01/21,17/01/21,chore,1,19/01/21,19,15/01/21,4,800,7000
176555579,lefort ,app center, n2, p4,47,11/01/21,17/01/21,chore,1,19/01/21,19,15/01/21,4,800,7000
176522187,lefort ,bot center,n1,p1,47,11/01/21,17/01/21,chore,1,15/01/21,15,15/01/21,1,800,2200
176522241,bimbo nafin,fideicomisos, n1, p1,47,11/01/21,17/01/21,chore,1,15/01/21,15,15/01/21,1,800,2200
176522642,axtel ,portal de proveedores, n2, p4,47,11/01/21,17/01/21,chore,1,15/01/21,15,15/01/21,1,800,2200
176522683,axtel ,portal de proveedores, n2, p4,47,11/01/21,17/01/21,chore,1,15/01/21,15,15/01/21,1,800,2200
176522844,bimbo , vehículos, n2, p4,47,11/01/21,17/01/21,chore,1,15/01/21,15,15/01/21,1,800,2200
176170944,axtel ,portal de proveedores,n3, p4,47,11/01/21,17/01/21,chore,2,15/12/20,15,15/01/21,31,1600,50800
176557239,bimbo nafin,fideicomisos , n3, p1,48,18/01/21,24/01/21,chore,2,19/01/21,19,19/01/21,1,1600,2800
176557345,bimbo nafin,fideicomisos ,n3,p1,48,18/01/21,24/01/21,chore,3,19/01/21,19,19/01/21,1,2400,3400
176557629,bimbo nafin,fideicomisos ,n3,p1,48,18/01/21,24/01/21,chore,3,19/01/21,19,21/01/21,2,2400,5000
176555426,bimbo nafin,fideicomisos, n1, p2,48,18/01/21,24/01/21,chore,2,19/01/21,19,22/01/21,3,1600,6000
176657224,lefort ,bot center, n1, p4,48,18/01/21,24/01/21,chore,1,26/01/21,26,22/01/21,4,800,7000
176657321,bimbo nafin,fideicomisos, n1, p4,48,18/01/21,24/01/21,chore,1,26/01/21,26,22/01/21,4,800,7000
176657099,lefort ,bot center, n3, p1,48,18/01/21,24/01/21,chore,3,26/01/21,26,22/01/21,4,2400,8200
176657358,lefort ,app legacy, n2, p4,48,18/01/21,24/01/21,chore,2,26/01/21,26,22/01/21,4,1600,7600
176657539,bimbo nafin,fideicomisos, n1, p4,48,18/01/21,24/01/21,chore,1,26/01/21,26,22/01/21,4,800,7000
176657620,axtel ,portal de proveedores, n1, p4,48,18/01/21,24/01/21,chore,1,26/01/21,26,22/01/21,4,800,7000
176657720,bimbo nafin,fideicomisos, n1, p2,48,18/01/21,24/01/21,chore,1,26/01/21,26,22/01/21,4,800,7000
176657884, bimbo nafin,app center , n2, p4,48,18/01/21,24/01/21,chore,1,26/01/21,26,22/01/21,4,800,7000
176658077,bimbo , devolución por kilos, n1, p4,48,18/01/21,24/01/21,chore,1,26/01/21,26,22/01/21,4,800,7000
176657961,bimbo nafin,fideicomisos, n3, p2,48,18/01/21,24/01/21,bug,3,26/01/21,26,22/01/21,4,2400,8200
176657405,bimbo nafin,fideicomisos, n3, p4,48,18/01/21,24/01/21,chore,39,26/01/21,26,22/01/21,4,31200,29800
176557594,bimbo nafin,fideicomisos ,n3,p1,48,18/01/21,24/01/21,chore,3,19/01/21,19,22/01/21,3,2400,6600
176557731,bimbo nafin,fideicomisos ,n3,p1,48,18/01/21,24/01/21,chore,3,19/01/21,19,22/01/21,3,2400,6600
176637648,bimbo nafin,fideicomisos , n3, p1,49,25/01/21,31/01/21,chore,3,25/01/21,25,26/01/21,1,2400,3400
176657795,bimbo nafin,fideicomisos, n3, p4,49,25/01/21,31/01/21,chore,2,26/01/21,26,26/01/21,1,1600,2800
176719977,bimbo nafin,fideicomisos , n3, p1,49,25/01/21,31/01/21,chore,3,29/01/21,29,29/01/21,1,2400,3400
176720006,bimbo nafin,fideicomisos , n3, p1,49,25/01/21,31/01/21,chore,3,29/01/21,29,29/01/21,1,2400,3400
176720075,bimbo nafin,fideicomisos , n3, p1,49,25/01/21,31/01/21,chore,3,29/01/21,29,29/01/21,1,2400,3400
176764193,bimbo nafin,fideicomisos , n1, p1,49,25/01/21,31/01/21,chore,1,02/02/21,2,29/01/21,4,800,7000
176764231,bimbo , devolución por kilos, n2, p4,49,25/01/21,31/01/21,chore,1,02/02/21,2,29/01/21,4,800,7000
176724748,bimbo nafin,fideicomisos , n3, p1,49,25/01/21,31/01/21,chore,3,29/01/21,29,29/01/21,1,2400,3400
176764325,bimbo nafin,fideicomisos , n1, p1,50,01/02/21,07/02/21,chore,2,02/02/21,2,02/02/21,1,1600,2800
176764490,axtel ,portal de proveedores, n2, p4,50,01/02/21,07/02/21,chore,1,02/02/21,2,02/02/21,1,800,2200
176764555,bimbo nafin,fideicomisos , n1, p1,50,01/02/21,07/02/21,chore,2,02/02/21,2,02/02/21,1,1600,2800
176764628,bimbo , vehículos, n3, p1,50,01/02/21,07/02/21,chore,1,02/02/21,2,02/02/21,1,800,2200
176764664,bimbo nafin,fideicomisos , n1, p1,50,01/02/21,07/02/21,chore,1,02/02/21,2,02/02/21,1,800,2200
176764692,lefort ,app legacy, n1, p4,50,01/02/21,07/02/21,chore,1,02/02/21,2,02/02/21,1,800,2200
176867498,lefort ,app legacy, n1, p4,50,01/02/21,07/02/21,chore,1,09/02/21,9,05/02/21,4,800,7000
176763864,lefort , cau interno, n1, p4,50,01/02/21,07/02/21,chore,1,02/02/21,2,05/02/21,3,800,5400
176867559,lefort ,app legacy, n2, p4,50,01/02/21,07/02/21,chore,1,09/02/21,9,05/02/21,4,800,7000
176867620,bimbo nafin,fideicomisos , n3, p1,50,01/02/21,07/02/21,chore,40,09/02/21,9,05/02/21,4,32000,30400
176867697,lefort ,app legacy, n1, p4,50,01/02/21,07/02/21,chore,1,09/02/21,9,05/02/21,4,800,7000
176867784,bosch , fundación, n1, p4,50,01/02/21,07/02/21,chore,1,09/02/21,9,05/02/21,4,800,7000
176867855,bimbo nafin,fideicomisos , n1, p1,50,01/02/21,07/02/21,chore,3,09/02/21,9,05/02/21,4,2400,8200
176829500,bimbo nafin,fideicomisos , n3, p1,50,01/02/21,07/02/21,chore,3,05/02/21,5,05/02/21,1,2400,3400
176829503,bimbo nafin,fideicomisos , n3, p1,50,01/02/21,07/02/21,chore,3,05/02/21,5,05/02/21,1,2400,3400
176829508,bimbo nafin,fideicomisos , n3, p1,50,01/02/21,07/02/21,chore,3,05/02/21,5,05/02/21,1,2400,3400
176829521,bimbo nafin,fideicomisos , n3, p1,50,01/02/21,07/02/21,chore,3,05/02/21,5,05/02/21,1,2400,3400
176829535,bimbo nafin,fideicomisos , n3, p1,50,01/02/21,07/02/21,chore,2,05/02/21,5,05/02/21,1,1600,2800
176851412,axtel ,portal de proveedores, n2, p4,51,08/02/21,14/02/21,chore,1,08/02/21,8,08/02/21,1,800,2200
176226373, printpack,app center , n3, p2,51,08/02/21,14/02/21,chore,3,18/12/20,18,09/02/21,53,2400,86600
176878405,bosch , facturación automática, n3, p4,51,08/02/21,14/02/21,chore,1,09/02/21,9,10/02/21,1,800,2200
176945683,bimbo nafin,fideicomisos , n3, p1,52,15/02/21,21/02/21,chore,3,15/02/21,15,15/02/21,1,2400,3400
176948750,bimbo , devolución por kilos, n1, p4,52,15/02/21,21/02/21,chore,1,15/02/21,15,15/02/21,1,800,2200
176764463,bimbo , vehículos, n2, p4,52,15/02/21,21/02/21,chore,1,02/02/21,2,15/02/21,13,800,21400
176952592,bimbo nafin,fideicomisos, n1, p1,52,15/02/21,21/02/21,chore,1,15/02/21,15,15/02/21,1,800,2200
176952650,lefort ,app legacy, n2, p4,52,15/02/21,21/02/21,chore,1,15/02/21,15,15/02/21,1,800,2200
176952813,lefort ,app legacy, n1, p4,52,15/02/21,21/02/21,chore,1,15/02/21,15,15/02/21,1,800,2200
176953372,lefort , cau interno, n1, p2,52,15/02/21,21/02/21,chore,1,15/02/21,15,15/02/21,1,800,2200
176961340,lefort ,app legacy, n1, p4,52,15/02/21,21/02/21,chore,1,16/02/21,16,16/02/21,1,800,2200
176961427,bimbo , vehículos, n2, p4,52,15/02/21,21/02/21,chore,1,16/02/21,16,16/02/21,1,800,2200
176867748,bosch ,e-commerce, n3, p4,52,15/02/21,21/02/21,chore,3,09/02/21,9,16/02/21,7,2400,13000
176985738,bimbo , devolución por kilos, n1, p4,52,15/02/21,21/02/21,chore,1,17/02/21,17,17/02/21,1,800,2200
176985758,lefort ,app center, n2, p4,52,15/02/21,21/02/21,chore,1,17/02/21,17,17/02/21,1,800,2200
176999668,lefort , cau interno, n1, p4,52,15/02/21,21/02/21,chore,1,18/02/21,18,18/02/21,1,800,2200
177017162,lefort ,app legacy, n2, p1,52,15/02/21,21/02/21,chore,1,19/02/21,19,19/02/21,1,800,2200
177025797,bimbo nafin,fideicomisos , n3, p1,52,15/02/21,21/02/21,chore,3,19/02/21,19,19/02/21,1,2400,3400
177025795,bimbo nafin,fideicomisos , n3, p1,52,15/02/21,21/02/21,chore,3,19/02/21,19,19/02/21,1,2400,3400
176999050,bosch , facturación automática, n3, p2,52,15/02/21,21/02/21,bug,5,18/02/21,18,19/02/21,1,4000,4600
176949009,bosch ,e-commerce, n3, p2,52,15/02/21,21/02/21,bug,3,15/02/21,15,19/02/21,4,2400,8200
176949007,bosch ,e-commerce, n3, p2,52,15/02/21,21/02/21,bug,3,15/02/21,15,19/02/21,4,2400,8200
177026242,bosch , automation tax, n3, p3,52,15/02/21,21/02/21,chore,2,19/02/21,19,19/02/21,1,1600,2800
177026791,bimbo nafin,fideicomisos , n3, p1,52,15/02/21,21/02/21,chore,3,19/02/21,19,19/02/21,1,2400,3400
177017413,bimbo , devolución por kilos, n1, p4,53,22/02/21,28/02/21,chore,1,19/02/21,19,22/02/21,3,800,5400
177059224,bimbo nafin,fideicomisos, n1, p1,53,22/02/21,28/02/21,chore,1,23/02/21,23,23/02/21,1,800,2200
177059254,lefort ,app legacy, n2, p4,53,22/02/21,28/02/21,chore,1,23/02/21,23,23/02/21,1,800,2200
177059296,lefort , cau interno, n1, p4,53,22/02/21,28/02/21,chore,1,23/02/21,23,23/02/21,1,800,2200
177059478,lefort , cau interno, n2, p4,53,22/02/21,28/02/21,chore,2,23/02/21,23,23/02/21,1,1600,2800
177059680,bimbo , vehículos, n2, p4,53,22/02/21,28/02/21,chore,1,23/02/21,23,23/02/21,1,800,2200
177059751,bimbo , vehículos, n2, p4,53,22/02/21,28/02/21,chore,1,23/02/21,23,23/02/21,1,800,2200
177059868,bimbo , devolución por kilos, n2, p4,53,22/02/21,28/02/21,chore,1,23/02/21,23,23/02/21,1,800,2200
177096468,bimbo nafin,fideicomisos , n3, p1,53,22/02/21,28/02/21,chore,3,25/02/21,25,25/02/21,1,2400,3400
177026211,bimbo nafin,fideicomisos , n3, p1,53,22/02/21,28/02/21,chore,3,19/02/21,19,26/02/21,7,2400,13000
177026216,bimbo nafin,fideicomisos , n3, p1,53,22/02/21,28/02/21,chore,3,19/02/21,19,26/02/21,7,2400,13000
177125848,bimbo nafin,fideicomisos , n3, p1,53,22/02/21,28/02/21,chore,3,26/02/21,26,26/02/21,1,2400,3400
177125833, bimbo nafin,app center , n3, p4,54,01/03/21,07/03/21,chore,1,26/02/21,26,01/03/21,3,800,5400
177145397,bimbo nafin,fideicomisos , n3, p1,54,01/03/21,07/03/21,chore,3,01/03/21,1,01/03/21,1,2400,3400
177162843,axtel ,portal de proveedores, n2, p2,54,01/03/21,07/03/21,chore,1,02/03/21,2,02/03/21,1,800,2200
177162806,bimbo , vehículos, n2, p4,54,01/03/21,07/03/21,chore,1,02/03/21,2,02/03/21,1,800,2200
176555547,lefort ,app center, n2, p4,54,01/03/21,07/03/21,chore,2,19/01/21,19,02/03/21,42,1600,68400
176555523,lefort ,app center, n2, p4,54,01/03/21,07/03/21,chore,1,19/01/21,19,02/03/21,42,800,67800
176555492,lefort ,app center, n2, p4,54,01/03/21,07/03/21,chore,1,19/01/21,19,02/03/21,42,800,67800
176555458,lefort ,app center, n2, p4,54,01/03/21,07/03/21,chore,1,19/01/21,19,02/03/21,42,800,67800
177125827,axtel ,portal de proveedores,n1,p4,54,01/03/21,07/03/21,chore,1,26/02/21,26,02/03/21,4,800,7000
177162884,lefort ,app legacy, n1, p4,54,01/03/21,07/03/21,chore,1,02/03/21,2,02/03/21,1,800,2200
177162911, bimbo nafin,app center , n1, p4,54,01/03/21,07/03/21,chore,1,02/03/21,2,02/03/21,1,800,2200
177162965,lefort ,app legacy, n1, p4,54,01/03/21,07/03/21,chore,1,02/03/21,2,02/03/21,1,800,2200
177163011,lefort ,app legacy, n1, p4,54,01/03/21,07/03/21,chore,1,02/03/21,2,02/03/21,1,800,2200
177163046,lefort ,app legacy, n1, p4,54,01/03/21,07/03/21,chore,1,02/03/21,2,02/03/21,1,800,2200
176258277,lefort ,app legacy, n2, p3,54,01/03/21,07/03/21,chore,1,22/12/20,22,02/03/21,70,800,112600
177193792,bimbo nafin,fideicomisos , n3, p1,54,01/03/21,07/03/21,chore,3,03/03/21,3,03/03/21,1,2400,3400
177170150, bimbo nafin,app center , n3, p3,54,01/03/21,07/03/21,bug,1,02/03/21,2,03/03/21,1,800,2200
177169502, bimbo nafin,app center , n3, p3,54,01/03/21,07/03/21,bug,2,02/03/21,2,03/03/21,1,1600,2800
177196298,bimbo nafin,fideicomisos , n3, p1,54,01/03/21,07/03/21,chore,3,03/03/21,3,03/03/21,1,2400,3400
177233760,bimbo nafin,fideicomisos,n3,p2,54,01/03/21,07/03/21,chore,3,06/03/21,6,06/03/21,1,2400,3400
177213321,lefort ,app center, n3, p3,55,08/03/21,14/03/21,bug,2,04/03/21,4,09/03/21,5,1600,9200
177247698,lefort ,app center, n3, p2,55,08/03/21,14/03/21,bug,1,08/03/21,8,09/03/21,1,800,2200
175779760, printpack,app center , n3, p3,55,08/03/21,14/03/21,feature,5,18/11/20,18,09/03/21,111,4000,180600
177059785,bosch , automation tax, n1, p4,55,08/03/21,14/03/21,chore,1,23/02/21,23,09/03/21,14,800,23000
177267633,axtel ,portal de proveedores, n2, p4,55,08/03/21,14/03/21,chore,1,09/03/21,9,09/03/21,1,800,2200
177267786, bimbo nafin,app center , n2, p4,55,08/03/21,14/03/21,chore,1,09/03/21,9,09/03/21,1,800,2200
177267829, bimbo nafin,app center , n1, p4,55,08/03/21,14/03/21,chore,1,09/03/21,9,09/03/21,1,800,2200
177267870,lefort , cau interno, n2, p4,55,08/03/21,14/03/21,chore,1,09/03/21,9,09/03/21,1,800,2200
177267917, bimbo nafin,app center , n2, p3,55,08/03/21,14/03/21,chore,1,09/03/21,9,09/03/21,1,800,2200
177268149,lefort ,app legacy, n2, p4,55,08/03/21,14/03/21,chore,1,09/03/21,9,09/03/21,1,800,2200
177277606,bimbo nafin,fideicomisos ,n1,p4,55,08/03/21,14/03/21,chore,1,09/03/21,9,09/03/21,1,800,2200
177362676,bimbo , devolución por kilos, n1, p4,56,15/03/21,21/03/21,chore,1,16/03/21,16,16/03/21,1,800,2200
177362818,lefort , cau interno, n1, p4,56,15/03/21,21/03/21,chore,1,16/03/21,16,16/03/21,1,800,2200
177267672,bosch , fundación, n2, p3,56,15/03/21,21/03/21,chore,1,09/03/21,9,16/03/21,7,800,11800
177362863,axtel ,portal de proveedores, n1, p4,56,15/03/21,21/03/21,chore,1,16/03/21,16,16/03/21,1,800,2200
177362889, bimbo nafin,app center , n2, p4,56,15/03/21,21/03/21,chore,1,16/03/21,16,16/03/21,1,800,2200
177363025,bimbo , vehículos, n2, p3,56,15/03/21,21/03/21,chore,1,16/03/21,16,16/03/21,1,800,2200
177363089,bimbo , vehículos, n2, p4,56,15/03/21,21/03/21,chore,1,16/03/21,16,16/03/21,1,800,2200
177363135,bimbo , vehículos, n2, p4,56,15/03/21,21/03/21,chore,1,16/03/21,16,16/03/21,1,800,2200
177363252, bimbo nafin,app center , n1, p4,56,15/03/21,21/03/21,chore,1,16/03/21,16,16/03/21,1,800,2200
177323904,lefort ,app center, n3, p3,56,15/03/21,21/03/21,bug,2,12/03/21,12,16/03/21,4,1600,7600
177295668, bimbo nafin,app center , n3, p3,56,15/03/21,21/03/21,bug,3,10/03/21,10,16/03/21,6,2400,11400
177370750,lefort ,app center, n1, p4,56,15/03/21,21/03/21,chore,1,16/03/21,16,16/03/21,1,800,2200
177458199,axtel ,portal de proveedores, n1, p4,57,22/03/21,28/03/21,chore,1,23/03/21,23,23/03/21,1,800,2200
177458486,lefort ,app legacy, n2, p4,57,22/03/21,28/03/21,chore,1,23/03/21,23,23/03/21,1,800,2200
177458793, bimbo nafin,app center , n2, p4,57,22/03/21,28/03/21,chore,1,23/03/21,23,23/03/21,1,800,2200
177459550, bimbo nafin,app center , n2, p4,57,22/03/21,28/03/21,chore,1,23/03/21,23,23/03/21,1,800,2200
177363191,axtel ,portal de proveedores, n1, p4,57,22/03/21,28/03/21,chore,1,16/03/21,16,23/03/21,7,800,11800
176224624,lefort ,app legacy, n2, p3,57,22/03/21,28/03/21,chore,1,18/12/20,18,23/03/21,95,800,152600
177499420,bosch ,e-commerce, n3, p3,57,22/03/21,28/03/21,chore,1,25/03/21,25,25/03/21,1,800,2200
177059360,bosch ,e-commerce, n1, p2,58,29/03/21,04/04/21,chore,1,23/02/21,23,30/03/21,35,800,56600
177559798,lefort ,app legacy, n2, p4,58,29/03/21,04/04/21,chore,1,30/03/21,30,30/03/21,1,800,2200
176170775, bimbo nafin,app center , n2, p4,58,29/03/21,04/04/21,chore,2,15/12/20,15,30/03/21,105,1600,169200
177458252,bosch , automation tax, n1, p4,58,29/03/21,04/04/21,chore,1,23/03/21,23,30/03/21,7,800,11800
177459506,lefort ,app legacy, n2, p4,58,29/03/21,04/04/21,chore,1,23/03/21,23,30/03/21,7,800,11800
177559848,bosch , fundación, n2, p4,58,29/03/21,04/04/21,chore,1,30/03/21,30,30/03/21,1,800,2200
177544321,lefort , cau interno, n3, p4,58,29/03/21,04/04/21,chore,1,29/03/21,29,30/03/21,1,800,2200
177544295, bimbo nafin,app center , n3, p3,58,29/03/21,04/04/21,chore,1,29/03/21,29,01/04/21,3,800,5400
177544680, bimbo nafin,app center , n3, p3,58,29/03/21,04/04/21,chore,1,29/03/21,29,01/04/21,3,800,5400
177550991,lefort ,app legacy, n1, p4,58,29/03/21,04/04/21,chore,1,29/03/21,29,02/04/21,4,800,7000
177546337, printpack,app center , n3, p4,58,29/03/21,04/04/21,chore,1,29/03/21,29,02/04/21,4,800,7000
177630075, bimbo nafin,app center , n3, p4,59,05/04/21,11/04/21,chore,1,05/04/21,5,05/04/21,1,800,2200
177627552,lefort ,app legacy, n3, p4,59,05/04/21,11/04/21,chore,1,05/04/21,5,05/04/21,1,800,2200
177627458,lefort ,app legacy, n3, p4,59,05/04/21,11/04/21,chore,2,05/04/21,5,05/04/21,1,1600,2800
177627448,lefort ,app legacy, n3, p4,59,05/04/21,11/04/21,chore,1,05/04/21,5,05/04/21,1,800,2200
177544423,lefort , cau interno, n3, p4,60,12/04/21,18/04/21,feature,1,29/03/21,29,13/04/21,15,800,24600
177565656, bimbo nafin,app center , n3, p3,60,12/04/21,18/04/21,bug,1,30/03/21,30,13/04/21,14,800,23000
177743564, bimbo nafin,app center , n1, p4,60,12/04/21,18/04/21,chore,1,13/04/21,13,13/04/21,1,800,2200
177743801,axtel ,portal de proveedores, n3, p2,60,12/04/21,18/04/21,bug,2,13/04/21,13,13/04/21,1,1600,2800
177744068,lefort ,app legacy, n1, p4,60,12/04/21,18/04/21,chore,1,13/04/21,13,13/04/21,1,800,2200
177797030,bimbo , devolución por kilos, n3, p4,60,12/04/21,18/04/21,chore,1,16/04/21,16,16/04/21,1,800,2200
177796753,lefort ,app lefort,n3,p4,61,19/04/21,25/04/21,chore,1,16/04/21,16,19/04/21,3,800,5400
177837000,lefort ,app legacy, n2, p2,61,19/04/21,25/04/21,bug,1,20/04/20,20,20/04/21,365,800,584600
177837111,bimbo , vehículos, n2, p4,61,19/04/21,25/04/21,chore,2,20/04/20,20,20/04/21,365,1600,585200
177836839,lefort , cau interno, n3, p4,61,19/04/21,25/04/21,chore,3,20/04/20,20,20/04/21,365,2400,585800
177837280, printpack,app center , n1, p4,61,19/04/21,25/04/21,chore,1,20/04/20,20,20/04/21,365,800,584600
177837680,lefort ,app legacy, n1, p4,61,19/04/21,25/04/21,chore,1,20/04/20,20,20/04/21,365,800,584600
177837896,lefort ,app legacy, n1, p4,61,19/04/21,25/04/21,chore,1,20/04/20,20,20/04/21,365,800,584600
177837968,bimbo , vehículos, n2, p4,61,19/04/21,25/04/21,chore,1,20/04/20,20,20/04/21,365,800,584600
177459367, bimbo nafin,app center , n2, p4,61,19/04/21,25/04/21,chore,1,23/03/21,23,20/04/21,28,800,45400
177837311, bimbo nafin,app center , n1, p4,61,19/04/21,25/04/21,chore,1,20/04/20,20,20/04/21,365,800,584600
177837634,bosch , automation tax, n3, p4,61,19/04/21,25/04/21,bug,1,20/04/20,20,20/04/21,365,800,584600
177583028,lefort ,app center, n2, p3,61,19/04/21,25/04/21,chore,1,31/03/21,31,20/04/21,20,800,32600
177894751,bimbo , vehículos, n3, p1,61,19/04/21,25/04/21,chore,2,23/04/21,23,23/04/21,1,1600,2800
177894823,lefort ,bot center, n3, p2,61,19/04/21,25/04/21,chore,2,23/04/21,23,23/04/21,1,1600,2800
177627406,lefort ,app legacy, n3, p4,61,19/04/21,25/04/21,chore,1,05/04/21,5,23/04/21,18,800,29400
177894783,bimbo , vehículos, n3, p1,61,19/04/21,25/04/21,chore,2,23/04/21,23,23/04/21,1,1600,2800
177857558,lefort ,app center, n3, p3,61,19/04/21,25/04/21,bug,3,21/04/21,21,23/04/21,2,2400,5000
177858039,lefort ,app legacy, n3, p2,61,19/04/21,25/04/21,bug,1,21/04/21,21,23/04/21,2,800,3800
177894877,lefort ,app center, n3, p3,61,19/04/21,25/04/21,bug,2,23/04/21,23,23/04/21,1,1600,2800
177544346,axtel ,portal de proveedores, n3, p4,61,19/04/21,25/04/21,feature,1,29/03/21,29,23/04/21,25,800,40600
176046794,axtel ,portal de proveedores, n2, p4,63,03/05/21,09/05/21,chore,3,07/12/20,7,01/05/21,145,2400,233800
177458300,lefort ,app legacy, n1, p4,63,03/05/21,09/05/21,chore,1,23/03/21,23,01/05/21,39,800,63000
177836959, bimbo nafin,app center , n1, p4,63,03/05/21,09/05/21,chore,3,20/04/21,20,01/05/21,11,2400,19400
177837412,lefort ,app legacy, n1, p4,63,03/05/21,09/05/21,chore,1,20/04/21,20,01/05/21,11,800,18200
177837504, bimbo nafin,app center , n1, p4,63,03/05/21,09/05/21,chore,2,20/04/21,20,01/05/21,11,1600,18800
177838044,bimbo , vehículos, n2, p4,63,03/05/21,09/05/21,chore,1,20/04/21,20,01/05/21,11,800,18200
177838102, bimbo nafin,app center , n2, p4,64,10/05/21,16/05/21,chore,3,20/04/21,20,01/05/21,11,2400,19400
177837239,lefort ,app legacy, n2, p4,64,10/05/21,16/05/21,chore,1,20/04/21,20,01/05/21,11,800,18200
177837193,lefort ,app legacy, n1, p4,64,10/05/21,16/05/21,bug,2,20/04/21,20,01/05/21,11,1600,18800
177544776,lefort ,app legacy, n3, p4,64,10/05/21,16/05/21,bug,2,29/03/21,29,01/05/21,33,1600,54000
177544746,axtel ,portal de proveedores, n3, p4,64,10/05/21,16/05/21,feature,3,29/03/21,29,01/05/21,33,2400,54600
177325766,lefort ,app center, n3, p4,64,10/05/21,16/05/21,chore,2,12/03/21,12,01/05/21,50,1600,81200
177325728,lefort ,app center, n3, p4,64,10/05/21,16/05/21,bug,2,12/03/21,12,01/05/21,50,1600,81200
177163071,lefort ,app legacy, n1, p4,64,10/05/21,16/05/21,chore,1,02/03/21,2,01/05/21,60,800,96600
176258295,lefort ,app legacy, n2, p3,64,10/05/21,16/05/21,chore,1,22/12/20,22,01/05/21,130,800,208600
176258304,lefort ,app legacy, n2, p3,64,10/05/21,16/05/21,chore,1,22/12/20,22,01/05/21,130,800,208600
177559866,bimbo , vehículos, n2, p4,64,11/05/21,17/05/21,chore,2,30/03/21,30,01/05/21,32,1600,52400
176854665,lefort ,app center, n3, p4,64,12/05/21,18/05/21,bug,2,08/02/21,8,01/05/21,82,1600,132400
175648523,lefort ,app legacy, n2, p3,64,13/05/21,19/05/21,bug,5,09/11/20,9,01/05/21,173,4000,279800
175646716,lefort ,app legacy, n2, p3,64,14/05/21,20/05/21,bug,2,09/11/20,9,01/05/21,173,1600,278000
175646751,lefort ,app legacy, n2, p3,64,15/05/21,21/05/21,bug,2,09/11/20,9,01/05/21,173,1600,278000
174480724,lefort ,app legacy, n2, p4,64,16/05/21,22/05/21,bug,2,24/08/20,24,01/05/21,250,1600,401200
174481295,lefort , app lefort,n2,p4,64,17/05/21,23/05/21,chore,2,24/08/20,24,01/05/21,250,1600,401200
175562300, printpack,app center , n3, p4,64,18/05/21,24/05/21,feature,2,03/11/20,3,01/05/21,179,1600,287600
173410372,axtel ,portal de proveedores, n2, p4,64,19/05/21,25/05/21,feature,5,18/06/20,18,01/05/21,317,4000,510200
173975354,lefort , app lefort,n3,p4,64,20/05/21,26/05/21,feature,2,23/07/20,23,01/05/21,282,1600,452400
174300926,axtel ,portal de proveedores, n2, p3,64,21/05/21,27/05/21,feature,2,12/08/20,12,01/05/21,262,1600,420400
174559737,axtel ,portal de proveedores,n2,p4,64,22/05/21,28/05/21,feature,2,28/08/20,28,01/05/21,246,1600,394800
171650077,lefort,app legacy, n2, p4,64,23/05/21,29/05/21,feature,2,05/03/20,5,01/05/21,422,1600,676400
174891016,axtel , portal de proveedores, n2,p4,64,24/05/21,30/05/21,chore,2,18/09/20,18,01/05/21,225,1600,361200
174782465, alestra/raloy,app center , n2, p2,64,25/05/21,31/05/21,feature,2,11/09/20,11,01/05/21,232,1600,372400
174782445, alestra/raloy,app center , n2, p2,64,26/05/21,01/06/21,feature,2,11/09/20,11,01/05/21,232,1600,372400
174782489, alestra/raloy,app center , n2, p2,64,27/05/21,02/06/21,feature,2,11/09/20,11,01/05/21,232,1600,372400
